codigo_empresa;tipo_colaborador;cadastro_colaborador;data_inicio_periodo_ferias;data_inicio_ferias;codigo_tabela_eventos;codigo_evento;referencia_evento;valor_evento
276;1;67563;24/06/1995;01/04/1997;1;204;30,00;135,68
276;1;67563;24/06/1995;01/04/1997;1;558;0,00;45,23
276;1;67563;24/06/1995;01/04/1997;1;2000;0,00;14,15
276;1;67563;24/06/1996;15/05/1998;1;204;30,00;189,86
276;1;67563;24/06/1996;15/05/1998;1;558;0,00;63,29
276;1;67563;24/06/1996;15/05/1998;1;2000;0,00;19,80
276;1;67563;24/06/1997;01/02/1999;1;204;30,00;145,52
276;1;67563;24/06/1997;01/02/1999;1;558;0,00;48,51
276;1;67563;24/06/1997;01/02/1999;1;2000;0,00;15,17
276;1;67563;24/06/1998;02/03/2000;1;204;30,00;160,18
276;1;67563;24/06/1998;02/03/2000;1;558;0,00;53,39
276;1;67563;24/06/1998;02/03/2000;1;2000;0,00;16,34
276;1;67563;24/06/1999;19/03/2001;1;204;30,00;170,03
276;1;67563;24/06/1999;19/03/2001;1;558;0,00;56,68
276;1;67563;24/06/1999;19/03/2001;1;2000;0,00;17,50
276;1;67563;24/06/2000;01/03/2002;1;204;30,00;187,03
276;1;67563;24/06/2000;01/03/2002;1;558;0,00;62,34
276;1;67563;24/06/2000;01/03/2002;1;2000;0,00;19,08
276;1;67563;24/06/2001;01/06/2004;1;204;30,00;242,00
276;1;67563;24/06/2001;01/06/2004;1;558;0,00;80,67
276;1;67563;24/06/2001;01/06/2004;1;2000;0,00;24,68
276;1;67563;24/06/2002;02/07/2004;1;204;30,00;242,00
276;1;67563;24/06/2002;02/07/2004;1;558;0,00;80,67
276;1;67563;24/06/2002;02/07/2004;1;2000;0,00;24,68
276;1;67563;16/03/2004;01/08/2005;1;204;30,00;261,36
276;1;67563;16/03/2004;01/08/2005;1;558;0,00;87,12
276;1;67563;16/03/2004;01/08/2005;1;2000;0,00;26,66
276;1;67563;16/03/2005;20/03/2006;1;204;30,00;275,53
276;1;67563;16/03/2005;20/03/2006;1;558;0,00;91,84
276;1;67563;16/03/2005;20/03/2006;1;2000;7,65;28,10
276;1;67563;16/03/2006;02/04/2007;1;204;30,00;309,59
276;1;67563;16/03/2006;02/04/2007;1;558;0,00;103,20
276;1;67563;16/03/2006;02/04/2007;1;2000;7,65;31,57
276;1;67563;16/03/2007;02/06/2008;1;204;30,00;351,74
276;1;67563;16/03/2007;02/06/2008;1;558;0,00;117,25
276;1;67563;16/03/2007;02/06/2008;1;2000;8,00;37,51
276;1;67563;16/03/2008;18/05/2009;1;204;30,00;400,53
276;1;67563;16/03/2008;18/05/2009;1;558;0,00;133,51
276;1;67563;16/03/2008;18/05/2009;1;2000;8,00;42,72
8;1;116131;19/05/2007;05/01/2009;1;204;20,00;2927,69
8;1;116131;19/05/2007;05/01/2009;1;558;0,00;975,90
8;1;116131;19/05/2007;05/01/2009;1;600;10,00;1463,84
8;1;116131;19/05/2007;05/01/2009;1;615;0,00;487,95
8;1;116131;19/05/2007;05/01/2009;1;2000;11,00;334,28
8;1;116131;19/05/2007;05/01/2009;1;2014;27,50;394,79
8;1;116131;19/05/2008;25/01/2010;1;204;20,00;3181,02
8;1;116131;19/05/2008;25/01/2010;1;558;0,00;1060,34
8;1;116131;19/05/2008;25/01/2010;1;600;10,00;1590,51
8;1;116131;19/05/2008;25/01/2010;1;615;0,00;530,17
8;1;116131;19/05/2008;25/01/2010;1;2000;11,00;375,81
8;1;116131;19/05/2008;25/01/2010;1;2014;22,50;330,22
8;1;116131;19/05/2009;10/01/2011;1;204;30,00;5026,30
8;1;116131;19/05/2009;10/01/2011;1;558;0,00;1675,43
8;1;116131;19/05/2009;10/01/2011;1;2000;11,00;405,86
8;1;116131;19/05/2009;10/01/2011;1;2014;27,50;997,14
8;1;116131;19/05/2010;30/01/2012;1;204;20,00;3812,91
8;1;116131;19/05/2010;30/01/2012;1;558;0,00;1270,97
8;1;116131;19/05/2010;30/01/2012;1;600;10,00;1795,04
8;1;116131;19/05/2010;30/01/2012;1;615;0,00;598,35
8;1;116131;19/05/2010;30/01/2012;1;2000;11,00;430,78
8;1;116131;19/05/2010;30/01/2012;1;2014;27,50;477,82
8;1;116131;19/05/2011;21/01/2013;1;204;20,00;4103,30
8;1;116131;19/05/2011;21/01/2013;1;558;0,00;1367,77
8;1;116131;19/05/2011;21/01/2013;1;600;10,00;1957,28
8;1;116131;19/05/2011;21/01/2013;1;615;0,00;652,43
8;1;116131;19/05/2011;21/01/2013;1;2000;11,00;457,49
8;1;116131;19/05/2011;21/01/2013;1;2014;27,50;540,86
8;1;116131;19/05/2012;03/02/2014;1;204;20,00;4725,28
8;1;116131;19/05/2012;03/02/2014;1;558;0,00;1575,09
8;1;116131;19/05/2012;03/02/2014;1;600;10,00;2362,64
8;1;116131;19/05/2012;03/02/2014;1;615;0,00;787,55
8;1;116131;19/05/2012;03/02/2014;1;2000;11,00;482,92
8;1;116131;19/05/2012;03/02/2014;1;2014;27,50;724,23
8;1;116131;19/05/2013;15/01/2015;1;204;30,00;7345,57
8;1;116131;19/05/2013;15/01/2015;1;558;0,00;2448,53
8;1;116131;19/05/2013;15/01/2015;1;2000;11,00;513,01
8;1;116131;19/05/2013;15/01/2015;1;2014;27,50;1676,73
8;1;116131;19/05/2014;18/01/2016;1;204;20,00;5272,93
8;1;116131;19/05/2014;18/01/2016;1;558;0,00;1757,64
8;1;116131;19/05/2014;18/01/2016;1;600;10,00;2583,02
8;1;116131;19/05/2014;18/01/2016;1;615;0,00;861,01
8;1;116131;19/05/2014;18/01/2016;1;2000;11,00;570,88
8;1;116131;19/05/2014;18/01/2016;1;2014;27,50;802,78
8;1;116131;19/05/2015;23/01/2017;1;204;20,00;6113,71
8;1;116131;19/05/2015;23/01/2017;1;558;0,00;2037,90
8;1;116131;19/05/2015;23/01/2017;1;600;10,00;2886,74
8;1;116131;19/05/2015;23/01/2017;1;615;0,00;962,25
8;1;116131;19/05/2015;23/01/2017;1;2000;11,00;608,44
8;1;116131;19/05/2015;23/01/2017;1;2014;27,50;1100,74
8;1;116131;19/05/2016;12/03/2018;1;204;20,00;6234,00
8;1;116131;19/05/2016;12/03/2018;1;558;0,00;2078,00
8;1;116131;19/05/2016;12/03/2018;1;600;10,00;3117,00
8;1;116131;19/05/2016;12/03/2018;1;615;0,00;1039,00
8;1;116131;19/05/2016;12/03/2018;1;2000;11,00;621,03
8;1;116131;19/05/2016;12/03/2018;1;2014;27,50;1141,38
4;1;139106;17/08/1995;03/02/1997;1;204;20,00;427,25
4;1;139106;17/08/1995;03/02/1997;1;558;0,00;142,42
4;1;139106;17/08/1995;03/02/1997;1;600;10,00;213,63
4;1;139106;17/08/1995;03/02/1997;1;615;0,00;71,21
4;1;139106;17/08/1995;03/02/1997;1;2000;0,00;62,66
4;1;139106;17/08/1996;02/02/1998;1;204;20,00;496,22
4;1;139106;17/08/1996;02/02/1998;1;558;0,00;165,41
4;1;139106;17/08/1996;02/02/1998;1;2000;0,00;72,78
4;1;139106;17/08/1996;30/12/1998;1;204;10,00;262,25
4;1;139106;17/08/1996;30/12/1998;1;558;0,00;87,42
4;1;139106;17/08/1996;30/12/1998;1;2000;0,00;30,84
4;1;139106;17/08/1997;11/01/1999;1;204;20,00;524,49
4;1;139106;17/08/1997;11/01/1999;1;558;0,00;174,83
4;1;139106;17/08/1997;11/01/1999;1;600;10,00;262,25
4;1;139106;17/08/1997;11/01/1999;1;615;0,00;87,42
4;1;139106;17/08/1997;11/01/1999;1;2000;0,00;76,93
4;1;145459;10/11/1995;03/02/1997;1;204;30,00;1689,64
4;1;145459;10/11/1995;03/02/1997;1;558;0,00;563,21
4;1;145459;10/11/1995;03/02/1997;1;2000;0,00;105,33
4;1;145459;10/11/1995;03/02/1997;1;2014;0,00;199,38
4;1;145459;10/11/1996;05/02/1998;1;204;20,00;1270,08
4;1;145459;10/11/1996;05/02/1998;1;558;0,00;423,36
4;1;145459;10/11/1996;05/02/1998;1;2000;0,00;113,51
4;1;145459;10/11/1996;05/02/1998;1;2014;0,00;74,99
4;1;145459;10/11/1996;17/08/1998;1;204;10,00;668,56
4;1;145459;10/11/1996;17/08/1998;1;558;0,00;222,85
4;1;145459;10/11/1996;17/08/1998;1;2000;0,00;98,06
4;1;145459;10/11/1997;11/01/1999;1;204;20,00;1337,11
4;1;145459;10/11/1997;11/01/1999;1;558;0,00;445,70
4;1;145459;10/11/1997;11/01/1999;1;2000;0,00;118,97
4;1;145459;10/11/1997;11/01/1999;1;2014;0,00;87,58
4;1;145459;10/11/1997;01/11/1999;1;204;10,00;668,56
4;1;145459;10/11/1997;01/11/1999;1;558;0,00;222,85
4;1;145459;10/11/1997;01/11/1999;1;2000;0,00;98,06
4;1;145459;10/11/1998;07/02/2000;1;204;20,00;1337,11
4;1;145459;10/11/1998;07/02/2000;1;558;0,00;445,70
4;1;145459;10/11/1998;07/02/2000;1;2000;0,00;138,09
4;1;145459;10/11/1998;07/02/2000;1;2014;0,00;84,71
4;1;145459;10/11/1998;01/08/2000;1;204;10,00;742,00
4;1;145459;10/11/1998;01/08/2000;1;558;0,00;247,33
4;1;145459;10/11/1998;01/08/2000;1;2000;0,00;108,83
4;1;145459;10/11/1999;22/01/2001;1;204;20,00;1484,00
4;1;145459;10/11/1999;22/01/2001;1;558;0,00;494,67
4;1;145459;10/11/1999;22/01/2001;1;2000;0,00;146,11
4;1;145459;10/11/1999;22/01/2001;1;2014;0,00;112,88
4;1;145459;10/11/1999;22/10/2001;1;204;10,00;1095,33
4;1;145459;10/11/1999;22/10/2001;1;558;0,00;365,11
4;1;145459;10/11/1999;22/10/2001;1;2000;0,00;157,30
4;1;145459;10/11/1999;22/10/2001;1;2014;0,00;33,47
4;1;145459;10/11/2000;04/02/2002;1;204;20,00;2232,00
4;1;145459;10/11/2000;04/02/2002;1;558;0,00;744,00
4;1;145459;10/11/2000;04/02/2002;1;2000;0,00;157,30
4;1;145459;10/11/2000;04/02/2002;1;2014;0,00;293,76
4;1;145459;10/11/2000;21/10/2002;1;204;10,00;1116,00
4;1;145459;10/11/2000;21/10/2002;1;558;0,00;372,00
4;1;145459;10/11/2000;21/10/2002;1;2000;0,00;163,68
4;1;145459;10/11/2001;13/01/2003;1;204;20,00;2232,00
4;1;145459;10/11/2001;13/01/2003;1;558;0,00;744,00
4;1;145459;10/11/2001;13/01/2003;1;2000;0,00;171,77
4;1;145459;10/11/2001;13/01/2003;1;2014;0,00;289,78
4;1;145459;10/11/2001;06/10/2003;1;204;10,00;1268,64
4;1;145459;10/11/2001;06/10/2003;1;558;0,00;422,88
4;1;145459;10/11/2001;06/10/2003;1;2000;0,00;186,07
4;1;145459;10/11/2001;06/10/2003;1;2014;0,00;63,23
4;1;145459;10/11/2002;26/01/2004;1;204;20,00;2537,28
4;1;145459;10/11/2002;26/01/2004;1;558;0,00;845,76
4;1;145459;10/11/2002;26/01/2004;1;2000;0,00;264,00
4;1;145459;10/11/2002;26/01/2004;1;2014;0,00;376,36
4;1;145459;10/11/2002;01/10/2004;1;204;10,00;1512,00
4;1;145459;10/11/2002;01/10/2004;1;558;0,00;504,00
4;1;145459;10/11/2002;01/10/2004;1;2000;0,00;221,76
4;1;145459;10/11/2002;01/10/2004;1;2014;0,00;63,64
4;1;145459;10/11/2003;21/12/2004;1;204;20,00;3024,00
4;1;145459;10/11/2003;21/12/2004;1;558;0,00;1008,00
4;1;145459;10/11/2003;21/12/2004;1;2000;0,00;275,96
4;1;145459;10/11/2003;21/12/2004;1;2014;0,00;524,03
8;1;233005;23/11/2006;11/02/2008;1;204;20,00;1188,64
8;1;233005;23/11/2006;11/02/2008;1;558;0,00;396,21
8;1;233005;23/11/2006;11/02/2008;1;2000;11,00;174,33
8;1;233005;23/11/2006;15/09/2008;1;204;10,00;641,52
8;1;233005;23/11/2006;15/09/2008;1;558;0,00;213,84
8;1;233005;23/11/2006;15/09/2008;1;2000;8,00;68,42
8;1;233005;23/11/2007;09/02/2009;1;204;20,00;1283,04
8;1;233005;23/11/2007;09/02/2009;1;558;0,00;427,68
8;1;233005;23/11/2007;09/02/2009;1;2000;11,00;188,17
8;1;233005;23/11/2007;22/07/2009;1;204;10,00;680,01
8;1;233005;23/11/2007;22/07/2009;1;558;0,00;226,67
8;1;233005;23/11/2007;22/07/2009;1;2000;8,00;72,53
282;1;244309;06/01/1995;02/01/1997;1;204;20,00;191,47
282;1;244309;06/01/1995;02/01/1997;1;558;0,00;63,82
282;1;244309;06/01/1995;02/01/1997;1;600;10,00;95,74
282;1;244309;06/01/1995;02/01/1997;1;615;0,00;31,91
282;1;244309;06/01/1995;02/01/1997;1;2000;0,00;20,42
282;1;244309;06/01/1996;15/12/1997;1;204;20,00;242,08
282;1;244309;06/01/1996;15/12/1997;1;558;0,00;80,69
282;1;244309;06/01/1996;15/12/1997;1;600;10,00;121,04
282;1;244309;06/01/1996;15/12/1997;1;615;0,00;40,35
282;1;244309;06/01/1996;15/12/1997;1;2000;0,00;43,57
282;1;244309;06/01/1997;17/12/1998;1;204;20,00;256,29
282;1;244309;06/01/1997;17/12/1998;1;558;0,00;85,43
282;1;244309;06/01/1997;17/12/1998;1;600;10,00;128,15
282;1;244309;06/01/1997;17/12/1998;1;615;0,00;42,72
282;1;244309;06/01/1997;17/12/1998;1;2000;0,00;30,14
282;1;244309;06/01/1998;17/12/1999;1;204;20,00;409,87
282;1;244309;06/01/1998;17/12/1999;1;558;0,00;136,62
282;1;244309;06/01/1998;17/12/1999;1;600;10,00;204,94
282;1;244309;06/01/1998;17/12/1999;1;615;0,00;68,31
282;1;244309;06/01/1998;17/12/1999;1;2000;0,00;49,18
282;1;244309;06/01/1999;15/12/2000;1;204;20,00;506,73
282;1;244309;06/01/1999;15/12/2000;1;558;0,00;168,91
282;1;244309;06/01/1999;15/12/2000;1;600;10,00;253,37
282;1;244309;06/01/1999;15/12/2000;1;615;0,00;84,46
282;1;244309;06/01/1999;15/12/2000;1;2000;0,00;74,32
282;1;244309;06/01/1999;15/12/2000;1;2014;0,00;5,87
282;1;244309;06/01/2000;17/12/2001;1;204;20,00;636,72
282;1;244309;06/01/2000;17/12/2001;1;558;0,00;212,24
282;1;244309;06/01/2000;17/12/2001;1;600;10,00;318,36
282;1;244309;06/01/2000;17/12/2001;1;615;0,00;106,12
282;1;244309;06/01/2000;17/12/2001;1;2000;0,00;93,39
282;1;244309;06/01/2000;17/12/2001;1;2014;0,00;42,01
282;1;244309;06/01/2001;06/05/2002;1;204;20,00;368,97
282;1;244309;06/01/2001;06/05/2002;1;558;0,00;122,99
282;1;244309;06/01/2001;06/05/2002;1;2000;0,00;42,55
282;1;244309;06/01/2001;26/12/2002;1;204;10,00;318,36
282;1;244309;06/01/2001;26/12/2002;1;558;0,00;106,12
282;1;244309;06/01/2001;26/12/2002;1;2000;0,00;32,47
282;1;244309;06/01/2002;17/02/2003;1;204;20,00;706,69
282;1;244309;06/01/2002;17/02/2003;1;558;0,00;235,56
282;1;244309;06/01/2002;17/02/2003;1;600;10,00;353,35
282;1;244309;06/01/2002;17/02/2003;1;615;0,00;117,78
282;1;244309;06/01/2002;17/02/2003;1;2000;0,00;103,65
282;1;244309;06/01/2002;17/02/2003;1;2014;0,00;21,86
282;1;244309;06/01/2003;02/02/2004;1;204;20,00;741,87
282;1;244309;06/01/2003;02/02/2004;1;558;0,00;247,29
282;1;244309;06/01/2003;02/02/2004;1;600;10,00;370,94
282;1;244309;06/01/2003;02/02/2004;1;615;0,00;123,65
282;1;244309;06/01/2003;02/02/2004;1;2000;0,00;89,02
282;1;244309;06/01/2003;02/02/2004;1;2014;0,00;34,61
282;1;244309;06/01/2004;31/01/2005;1;204;20,00;807,04
282;1;244309;06/01/2004;31/01/2005;1;558;0,00;269,01
282;1;244309;06/01/2004;31/01/2005;1;600;10,00;403,52
282;1;244309;06/01/2004;31/01/2005;1;615;0,00;134,51
282;1;244309;06/01/2004;31/01/2005;1;2000;0,00;96,84
282;1;244309;06/01/2004;31/01/2005;1;2014;0,00;35,44
282;1;244309;06/01/2005;23/01/2006;1;204;20,00;866,67
282;1;244309;06/01/2005;23/01/2006;1;558;0,00;288,89
282;1;244309;06/01/2005;23/01/2006;1;600;10,00;433,33
282;1;244309;06/01/2005;23/01/2006;1;615;0,00;144,44
282;1;244309;06/01/2005;23/01/2006;1;2000;9,00;104,00
282;1;244309;06/01/2005;23/01/2006;1;2014;0,00;52,25
282;1;244309;06/01/2006;15/01/2007;1;204;20,00;918,67
282;1;244309;06/01/2006;15/01/2007;1;558;0,00;306,22
282;1;244309;06/01/2006;15/01/2007;1;600;10,00;459,33
282;1;244309;06/01/2006;15/01/2007;1;615;0,00;153,11
282;1;244309;06/01/2006;15/01/2007;1;2000;9,00;110,24
282;1;244309;06/01/2006;15/01/2007;1;2014;0,00;51,54
282;1;244309;06/01/2007;14/01/2008;1;204;20,00;1135,03
282;1;244309;06/01/2007;14/01/2008;1;558;0,00;378,34
282;1;244309;06/01/2007;14/01/2008;1;600;10,00;567,51
282;1;244309;06/01/2007;14/01/2008;1;615;0,00;189,17
282;1;244309;06/01/2007;14/01/2008;1;2000;11,00;166,47
282;1;244309;06/01/2008;12/01/2009;1;204;20,00;1456,68
282;1;244309;06/01/2008;12/01/2009;1;558;0,00;485,56
282;1;244309;06/01/2008;12/01/2009;1;600;10,00;728,34
282;1;244309;06/01/2008;12/01/2009;1;615;0,00;242,78
282;1;244309;06/01/2008;12/01/2009;1;2000;11,00;213,64
282;1;244309;06/01/2008;12/01/2009;1;2014;7,50;11,24
282;1;244309;06/01/2009;11/01/2010;1;204;30,00;2385,00
282;1;244309;06/01/2009;11/01/2010;1;558;0,00;795,00
282;1;244309;06/01/2009;11/01/2010;1;2000;11,00;349,80
282;1;244309;06/01/2009;11/01/2010;1;2014;15,00;120,99
282;1;244309;06/01/2010;10/01/2011;1;204;30,00;2680,00
282;1;244309;06/01/2010;10/01/2011;1;558;0,00;893,33
282;1;244309;06/01/2010;10/01/2011;1;2000;11,00;393,06
282;1;244309;06/01/2010;10/01/2011;1;2014;22,50;176,04
282;1;244309;06/01/2011;09/01/2012;1;204;30,00;2889,46
282;1;244309;06/01/2011;09/01/2012;1;558;0,00;963,15
282;1;244309;06/01/2011;09/01/2012;1;2000;11,00;406,09
282;1;244309;06/01/2011;09/01/2012;1;2014;22,50;186,29
282;1;244309;06/01/2012;07/01/2013;1;204;30,00;3185,01
282;1;244309;06/01/2012;07/01/2013;1;558;0,00;1061,67
282;1;244309;06/01/2012;07/01/2013;1;2000;11,00;430,78
282;1;244309;06/01/2012;07/01/2013;1;2014;22,50;242,88
282;1;244309;06/01/2013;07/01/2014;1;204;30,00;3818,06
282;1;244309;06/01/2013;07/01/2014;1;558;0,00;1272,69
282;1;244309;06/01/2013;07/01/2014;1;2000;11,00;457,49
282;1;244309;06/01/2013;07/01/2014;1;2014;22,50;399,09
282;1;244309;06/01/2014;08/01/2015;1;204;30,00;5668,34
282;1;244309;06/01/2014;08/01/2015;1;558;0,00;1889,45
282;1;244309;06/01/2014;08/01/2015;1;2000;11,00;513,01
282;1;244309;06/01/2014;08/01/2015;1;2014;27,50;1061,74
282;1;244309;06/01/2015;11/01/2016;1;204;30,00;6118,48
282;1;244309;06/01/2015;11/01/2016;1;558;0,00;2039,49
282;1;244309;06/01/2015;11/01/2016;1;2000;11,00;513,01
282;1;244309;06/01/2015;11/01/2016;1;2014;27,50;1180,87
282;1;244309;06/01/2016;09/01/2017;1;204;30,00;6635,87
282;1;244309;06/01/2016;09/01/2017;1;558;0,00;2211,96
282;1;244309;06/01/2016;09/01/2017;1;2000;11,00;570,88
282;1;244309;06/01/2016;09/01/2017;1;2014;27,50;1354,66
282;1;244309;06/01/2017;29/01/2018;1;204;15,00;3861,20
282;1;244309;06/01/2017;29/01/2018;1;558;0,00;1287,07
282;1;244309;06/01/2017;29/01/2018;1;2000;11,00;566,30
282;1;244309;06/01/2017;29/01/2018;1;2014;22,50;352,16
282;1;244309;06/01/2017;17/12/2018;1;204;15,00;4340,32
282;1;244309;06/01/2017;17/12/2018;1;558;0,00;1446,77
282;1;244309;06/01/2017;17/12/2018;1;2002;11,00;621,03
282;1;244309;06/01/2017;17/12/2018;1;2014;27,50;499,17
282;1;244309;06/01/2018;04/02/2019;1;204;15,00;4805,36
282;1;244309;06/01/2018;04/02/2019;1;558;0,00;1601,79
282;1;244309;06/01/2018;04/02/2019;1;2002;11,00;642,33
282;1;244309;06/01/2018;04/02/2019;1;2014;27,50;663,83
282;1;244309;06/01/2018;16/12/2019;1;204;15,00;4535,64
282;1;244309;06/01/2018;16/12/2019;1;558;0,00;1511,88
282;1;244309;06/01/2018;16/12/2019;1;2002;11,00;642,33
282;1;244309;06/01/2018;16/12/2019;1;2014;27,50;564,93
282;1;244309;06/01/2019;03/02/2020;1;204;20,00;6464,59
282;1;244309;06/01/2019;03/02/2020;1;558;0,00;2154,86
282;1;244309;06/01/2019;03/02/2020;1;2002;11,00;671,11
282;1;244309;06/01/2019;03/02/2020;1;2014;27,50;1264,30
282;1;244309;06/01/2019;21/12/2020;1;204;10,00;3129,59
282;1;244309;06/01/2019;21/12/2020;1;558;0,00;1043,20
282;1;244309;06/01/2019;21/12/2020;1;2002;10,62;443,12
282;1;244309;06/01/2019;21/12/2020;1;2014;15,00;176,21
282;1;244309;06/01/2020;08/02/2021;1;204;8,00;2771,92
282;1;244309;06/01/2020;08/02/2021;1;558;0,00;923,97
282;1;244309;06/01/2020;08/02/2021;1;2002;9,98;368,70
282;1;244309;06/01/2020;08/02/2021;1;2014;15,00;115,84
282;1;244309;06/01/2020;13/12/2021;1;204;22,00;8100,57
282;1;244309;06/01/2020;13/12/2021;1;558;0,00;2700,19
282;1;244309;06/01/2020;13/12/2021;1;2002;6,96;751,97
282;1;244309;06/01/2020;13/12/2021;1;2014;27,50;1841,92
282;1;244309;06/01/2021;15/12/2022;1;204;20,00;9917,65
282;1;244309;06/01/2021;15/12/2022;1;558;0,00;3305,88
282;1;244309;06/01/2021;15/12/2022;1;600;10,00;4958,83
282;1;244309;06/01/2021;15/12/2022;1;615;0,00;1652,94
282;1;244309;06/01/2021;15/12/2022;1;2002;6,26;828,38
282;1;244309;06/01/2021;15/12/2022;1;2014;27,50;2487,17
4;1;251453;04/10/1995;03/02/1997;1;204;20,00;369,08
4;1;251453;04/10/1995;03/02/1997;1;558;0,00;123,03
4;1;251453;04/10/1995;03/02/1997;1;600;10,00;184,54
4;1;251453;04/10/1995;03/02/1997;1;615;0,00;61,51
4;1;251453;04/10/1995;03/02/1997;1;2000;0,00;54,13
4;1;251453;04/10/1996;22/12/1997;1;204;10,00;210,68
4;1;251453;04/10/1996;22/12/1997;1;558;0,00;70,23
4;1;251453;04/10/1996;22/12/1997;1;2000;0,00;21,97
4;1;251453;04/10/1996;11/02/1998;1;204;20,00;421,37
4;1;251453;04/10/1996;11/02/1998;1;558;0,00;140,46
4;1;251453;04/10/1996;11/02/1998;1;2000;0,00;61,80
4;1;251453;04/10/1997;11/01/1999;1;204;20,00;716,45
4;1;251453;04/10/1997;11/01/1999;1;558;0,00;238,82
4;1;251453;04/10/1997;11/01/1999;1;600;10,00;358,23
4;1;251453;04/10/1997;11/01/1999;1;615;0,00;119,41
4;1;251453;04/10/1997;11/01/1999;1;2000;0,00;105,08
4;1;251453;04/10/1997;11/01/1999;1;2014;0,00;64,17
276;1;261564;15/08/1995;02/01/1997;1;204;30,00;275,00
276;1;261564;15/08/1995;02/01/1997;1;558;0,00;91,66
276;1;261564;15/08/1995;02/01/1997;1;2000;0,00;33,00
276;1;261564;15/08/1996;02/02/1998;1;204;30,00;313,40
276;1;261564;15/08/1996;02/02/1998;1;558;0,00;104,47
276;1;261564;15/08/1996;02/02/1998;1;2000;0,00;37,61
276;1;261564;15/08/1997;02/01/1999;1;204;30,00;337,86
276;1;261564;15/08/1997;02/01/1999;1;558;0,00;112,62
276;1;261564;15/08/1997;02/01/1999;1;2000;0,00;40,54
276;1;261564;15/08/1998;10/04/2000;1;204;30,00;373,90
276;1;261564;15/08/1998;10/04/2000;1;558;0,00;124,63
276;1;261564;15/08/1998;10/04/2000;1;2000;0,00;44,87
276;1;261564;15/08/1999;05/02/2001;1;204;30,00;430,79
276;1;261564;15/08/1999;05/02/2001;1;558;0,00;143,60
276;1;261564;15/08/1999;05/02/2001;1;2000;0,00;51,70
276;1;261564;15/08/2000;02/01/2002;1;204;30,00;448,93
276;1;261564;15/08/2000;02/01/2002;1;558;0,00;149,64
276;1;261564;15/08/2000;02/01/2002;1;2000;0,00;53,87
276;1;261564;15/08/2001;02/01/2003;1;204;30,00;426,71
276;1;261564;15/08/2001;02/01/2003;1;558;0,00;142,24
276;1;261564;15/08/2001;02/01/2003;1;2000;0,00;49,21
276;1;261564;15/08/2002;12/07/2004;1;204;30,00;520,14
276;1;261564;15/08/2002;12/07/2004;1;558;0,00;173,38
276;1;261564;15/08/2002;12/07/2004;1;2000;0,00;53,05
276;1;261564;15/08/2003;01/07/2005;1;204;30,00;593,89
276;1;261564;15/08/2003;01/07/2005;1;558;0,00;197,96
276;1;261564;15/08/2003;01/07/2005;1;2000;0,00;60,58
282;1;271951;25/05/1995;03/02/1997;1;204;30,00;312,25
282;1;271951;25/05/1995;03/02/1997;1;558;0,00;104,08
282;1;271951;25/05/1995;03/02/1997;1;2000;0,00;37,47
282;1;271951;25/05/1996;02/02/1998;1;204;30,00;420,00
282;1;271951;25/05/1996;02/02/1998;1;558;0,00;140,00
282;1;271951;25/05/1996;02/02/1998;1;2000;0,00;61,60
282;1;271951;25/05/1997;01/02/1999;1;204;30,00;441,00
282;1;271951;25/05/1997;01/02/1999;1;558;0,00;147,00
282;1;271951;25/05/1997;01/02/1999;1;2000;0,00;52,92
282;1;271951;25/05/1998;01/02/2000;1;204;30,00;603,54
282;1;271951;25/05/1998;01/02/2000;1;558;0,00;201,18
282;1;271951;25/05/1998;01/02/2000;1;2000;0,00;88,52
282;1;271951;25/05/1999;26/12/2000;1;204;10,00;255,27
282;1;271951;25/05/1999;26/12/2000;1;558;0,00;85,09
282;1;271951;25/05/1999;26/12/2000;1;2000;0,00;26,28
282;1;271951;25/05/1999;07/02/2001;1;204;20,00;510,53
282;1;271951;25/05/1999;07/02/2001;1;558;0,00;170,18
282;1;271951;25/05/1999;07/02/2001;1;2000;0,00;74,88
282;1;271951;25/05/2000;26/12/2001;1;204;10,00;284,02
282;1;271951;25/05/2000;26/12/2001;1;558;0,00;94,67
282;1;271951;25/05/2000;26/12/2001;1;2000;0,00;28,97
282;1;271951;25/05/2000;04/02/2002;1;204;20,00;568,04
282;1;271951;25/05/2000;04/02/2002;1;558;0,00;189,35
282;1;271951;25/05/2000;04/02/2002;1;2000;0,00;83,31
282;1;271951;25/05/2001;26/12/2002;1;204;10,00;286,31
282;1;271951;25/05/2001;26/12/2002;1;558;0,00;95,44
282;1;271951;25/05/2001;26/12/2002;1;2000;0,00;29,20
282;1;271951;25/05/2001;12/02/2003;1;204;20,00;623,95
282;1;271951;25/05/2001;12/02/2003;1;558;0,00;207,98
282;1;271951;25/05/2001;12/02/2003;1;2000;0,00;91,51
282;1;271951;25/05/2002;05/01/2004;1;204;20,00;646,00
282;1;271951;25/05/2002;05/01/2004;1;558;0,00;215,33
282;1;271951;25/05/2002;05/01/2004;1;2000;0,00;77,52
282;1;271951;25/05/2002;10/05/2004;1;204;10,00;351,56
282;1;271951;25/05/2002;10/05/2004;1;558;0,00;117,19
282;1;271951;25/05/2002;10/05/2004;1;2000;0,00;35,86
282;1;271951;25/05/2003;03/01/2005;1;204;10,00;395,76
282;1;271951;25/05/2003;03/01/2005;1;558;0,00;131,92
282;1;271951;25/05/2003;03/01/2005;1;2000;0,00;40,37
282;1;271951;25/05/2003;07/02/2005;1;204;20,00;703,12
282;1;271951;25/05/2003;07/02/2005;1;558;0,00;234,37
282;1;271951;25/05/2003;07/02/2005;1;2000;0,00;84,37
8;1;287351;05/08/2019;06/07/2020;1;204;10,00;2347,42
8;1;287351;05/08/2019;06/07/2020;1;2002;8,66;203,31
8;1;287351;05/08/2019;06/07/2020;1;2014;7,50;18,01
8;1;287351;05/08/2019;04/01/2021;1;204;20,00;4831,70
8;1;287351;05/08/2019;04/01/2021;1;558;0,00;1610,57
8;1;287351;05/08/2019;04/01/2021;1;2002;11,07;713,08
8;1;287351;05/08/2019;04/01/2021;1;2014;27,50;706,17
8;1;287351;05/08/2020;03/02/2022;1;204;20,00;5593,57
8;1;287351;05/08/2020;03/02/2022;1;558;0,00;1864,52
8;1;287351;05/08/2020;03/02/2022;1;600;10,00;2796,79
8;1;287351;05/08/2020;03/02/2022;1;615;0,00;932,26
8;1;287351;05/08/2020;03/02/2022;1;2002;10,08;751,97
8;1;287351;05/08/2020;03/02/2022;1;2014;27,50;974,82
8;1;287351;05/08/2021;06/02/2023;1;204;20,00;6159,99
8;1;287351;05/08/2021;06/02/2023;1;558;0,00;2053,33
8;1;287351;05/08/2021;06/02/2023;1;600;10,00;3079,99
8;1;287351;05/08/2021;06/02/2023;1;615;0,00;1026,66
8;1;287351;05/08/2021;06/02/2023;1;2002;10,68;877,22
8;1;287351;05/08/2021;06/02/2023;1;2014;27,50;1148,07
8;1;287351;05/08/2022;05/02/2024;1;204;30,00;9266,70
8;1;287351;05/08/2022;05/02/2024;1;558;0,00;3088,90
8;1;287351;05/08/2022;05/02/2024;1;2002;7,36;908,85
8;1;287351;05/08/2022;05/02/2024;1;2014;27,50;2251,86
8;1;287351;05/08/2024;21/01/2026;1;204;30,00;10316,87
8;1;287351;05/08/2024;21/01/2026;1;558;0,00;3438,96
8;1;287351;05/08/2024;21/01/2026;1;2002;6,92;951,62
8;1;287351;05/08/2024;21/01/2026;1;2014;27,50;2612,43
4;1;288969;01/10/1996;02/03/1998;1;204;20,00;151,95
4;1;288969;01/10/1996;02/03/1998;1;558;0,00;50,65
4;1;288969;01/10/1996;02/03/1998;1;600;10,00;75,98
4;1;288969;01/10/1996;02/03/1998;1;615;0,00;25,33
4;1;288969;01/10/1996;02/03/1998;1;2000;0,00;23,77
4;1;288969;01/10/1997;10/05/1999;1;204;20,00;160,27
4;1;288969;01/10/1997;10/05/1999;1;558;0,00;53,42
4;1;288969;01/10/1997;10/05/1999;1;600;10,00;80,14
4;1;288969;01/10/1997;10/05/1999;1;615;0,00;26,71
4;1;288969;01/10/1997;10/05/1999;1;2000;0,00;17,10
4;1;288969;01/10/1998;10/02/2000;1;204;30,00;292,81
4;1;288969;01/10/1998;10/02/2000;1;558;0,00;97,60
4;1;288969;01/10/1998;10/02/2000;1;2000;0,00;33,77
4;1;288969;01/10/1999;18/12/2000;1;204;20,00;214,64
4;1;288969;01/10/1999;18/12/2000;1;558;0,00;71,55
4;1;288969;01/10/1999;18/12/2000;1;600;10,00;107,32
4;1;288969;01/10/1999;18/12/2000;1;615;0,00;35,77
4;1;288969;01/10/1999;18/12/2000;1;2000;0,00;22,09
4;1;288969;01/10/2000;21/01/2002;1;204;20,00;266,71
4;1;288969;01/10/2000;21/01/2002;1;558;0,00;88,90
4;1;288969;01/10/2000;21/01/2002;1;600;10,00;133,36
4;1;288969;01/10/2000;21/01/2002;1;615;0,00;44,45
4;1;288969;01/10/2000;21/01/2002;1;2000;0,00;27,20
4;1;288969;01/10/2001;07/10/2002;1;204;20,00;266,19
4;1;288969;01/10/2001;07/10/2002;1;558;0,00;88,73
4;1;288969;01/10/2001;07/10/2002;1;600;10,00;133,10
4;1;288969;01/10/2001;07/10/2002;1;615;0,00;44,37
4;1;288969;01/10/2001;07/10/2002;1;2000;0,00;27,15
4;1;288969;01/10/2002;05/01/2004;1;204;20,00;304,00
4;1;288969;01/10/2002;05/01/2004;1;558;0,00;101,33
4;1;288969;01/10/2002;05/01/2004;1;600;10,00;152,00
4;1;288969;01/10/2002;05/01/2004;1;615;0,00;50,67
4;1;288969;01/10/2002;05/01/2004;1;2000;0,00;31,01
4;1;288969;01/10/2003;20/12/2004;1;204;20,00;329,78
4;1;288969;01/10/2003;20/12/2004;1;558;0,00;109,93
4;1;288969;01/10/2003;20/12/2004;1;600;10,00;164,89
4;1;288969;01/10/2003;20/12/2004;1;615;0,00;54,96
4;1;288969;01/10/2003;20/12/2004;1;2000;0,00;33,64
4;1;288969;01/10/2004;20/02/2006;1;204;20,00;354,84
4;1;288969;01/10/2004;20/02/2006;1;558;0,00;118,28
4;1;288969;01/10/2004;20/02/2006;1;600;10,00;177,42
4;1;288969;01/10/2004;20/02/2006;1;615;0,00;59,14
4;1;288969;01/10/2004;20/02/2006;1;2000;7,65;36,19
4;1;288969;01/10/2005;08/01/2007;1;204;20,00;340,43
4;1;288969;01/10/2005;08/01/2007;1;558;0,00;113,48
4;1;288969;01/10/2005;08/01/2007;1;600;10,00;170,21
4;1;288969;01/10/2005;08/01/2007;1;615;0,00;56,74
4;1;288969;01/10/2005;08/01/2007;1;2000;7,65;34,72
4;1;288969;01/10/2006;18/12/2007;1;204;20,00;484,33
4;1;288969;01/10/2006;18/12/2007;1;558;0,00;161,44
4;1;288969;01/10/2006;18/12/2007;1;600;10,00;242,16
4;1;288969;01/10/2006;18/12/2007;1;615;0,00;80,72
4;1;288969;01/10/2006;18/12/2007;1;2000;7,65;49,40
4;1;296333;14/04/1997;04/01/1999;1;204;30,00;389,69
4;1;296333;14/04/1997;04/01/1999;1;558;0,00;129,90
4;1;296333;14/04/1997;04/01/1999;1;2000;0,00;46,76
4;1;296333;14/04/1998;03/01/2000;1;204;30,00;388,75
4;1;296333;14/04/1998;03/01/2000;1;558;0,00;129,58
4;1;296333;14/04/1998;03/01/2000;1;2000;0,00;46,65
4;1;296333;14/04/1999;02/01/2001;1;204;30,00;453,24
4;1;296333;14/04/1999;02/01/2001;1;558;0,00;151,08
4;1;296333;14/04/1999;02/01/2001;1;2000;0,00;54,39
4;1;296333;14/04/2000;18/12/2001;1;204;20,00;500,23
4;1;296333;14/04/2000;18/12/2001;1;558;0,00;166,74
4;1;296333;14/04/2000;18/12/2001;1;2000;0,00;60,03
4;1;296333;14/04/2000;20/03/2002;1;204;10,00;253,80
4;1;296333;14/04/2000;20/03/2002;1;558;0,00;84,60
4;1;296333;14/04/2000;20/03/2002;1;2000;0,00;25,89
8;1;299685;14/11/1996;14/11/1997;1;204;30,00;1833,22
8;1;299685;14/11/1996;14/11/1997;1;558;0,00;611,07
8;1;299685;14/11/1996;14/11/1997;1;2000;0,00;113,51
8;1;299685;14/11/1996;14/11/1997;1;2014;0,00;267,70
8;1;299685;14/11/1997;15/01/1999;1;204;30,00;2626,00
8;1;299685;14/11/1997;15/01/1999;1;558;0,00;875,33
8;1;299685;14/11/1997;15/01/1999;1;2000;0,00;132,00
8;1;299685;14/11/1997;15/01/1999;1;2014;0,00;566,57
8;1;299685;14/11/1998;16/11/1999;1;204;10,00;875,33
8;1;299685;14/11/1998;16/11/1999;1;558;0,00;291,78
8;1;299685;14/11/1998;16/11/1999;1;2000;0,00;128,38
8;1;299685;14/11/1998;16/11/1999;1;2014;0,00;20,81
8;1;299685;14/11/1998;21/12/1999;1;204;20,00;1750,67
8;1;299685;14/11/1998;21/12/1999;1;558;0,00;583,56
8;1;299685;14/11/1998;21/12/1999;1;2000;0,00;138,09
8;1;299685;14/11/1998;21/12/1999;1;2014;0,00;243,94
8;1;299685;14/11/1999;19/12/2000;1;204;20,00;2010,67
8;1;299685;14/11/1999;19/12/2000;1;558;0,00;670,22
8;1;299685;14/11/1999;19/12/2000;1;2000;0,00;146,11
8;1;299685;14/11/1999;19/12/2000;1;2014;0,00;337,06
8;1;299685;14/11/1999;17/09/2001;1;204;10,00;1525,33
8;1;299685;14/11/1999;17/09/2001;1;558;0,00;508,44
8;1;299685;14/11/1999;17/09/2001;1;2000;0,00;157,30
8;1;299685;14/11/1999;17/09/2001;1;2014;0,00;156,03
8;1;299685;14/11/2000;18/12/2001;1;204;20,00;3050,67
8;1;299685;14/11/2000;18/12/2001;1;558;0,00;1016,89
8;1;299685;14/11/2000;18/12/2001;1;2000;0,00;157,30
8;1;299685;14/11/2000;18/12/2001;1;2014;0,00;715,32
8;1;299685;14/11/2000;24/05/2002;1;204;10,00;1525,33
8;1;299685;14/11/2000;24/05/2002;1;558;0,00;508,44
8;1;299685;14/11/2000;24/05/2002;1;2000;0,00;171,77
8;1;299685;14/11/2000;24/05/2002;1;2014;0,00;120,60
8;1;299685;14/11/2001;14/03/2003;1;204;30,00;5045,60
8;1;299685;14/11/2001;14/03/2003;1;558;0,00;1681,87
8;1;299685;14/11/2001;14/03/2003;1;2000;0,00;171,77
8;1;299685;14/11/2001;14/03/2003;1;2014;0,00;1379,74
8;1;299685;14/11/2002;16/12/2003;1;204;30,00;5297,88
8;1;299685;14/11/2002;16/12/2003;1;558;0,00;1765,96
8;1;299685;14/11/2002;16/12/2003;1;2000;0,00;205,63
8;1;299685;14/11/2002;16/12/2003;1;2014;0,00;1433,78
8;1;299685;14/11/2003;27/12/2004;1;204;20,00;4240,00
8;1;299685;14/11/2003;27/12/2004;1;558;0,00;1413,33
8;1;299685;14/11/2003;27/12/2004;1;2000;0,00;275,96
8;1;299685;14/11/2003;27/12/2004;1;2014;0,00;1026,55
8;1;299685;14/11/2003;21/09/2005;1;204;10,00;2268,40
8;1;299685;14/11/2003;21/09/2005;1;558;0,00;756,13
8;1;299685;14/11/2003;21/09/2005;1;2000;0,00;293,50
8;1;299685;14/11/2003;21/09/2005;1;2014;0,00;253,51
6;1;303968;06/10/1997;12/07/1999;1;204;20,00;588,55
6;1;303968;06/10/1997;12/07/1999;1;558;0,00;196,18
6;1;303968;06/10/1997;12/07/1999;1;600;10,00;294,28
6;1;303968;06/10/1997;12/07/1999;1;615;0,00;98,09
6;1;303968;06/10/1997;12/07/1999;1;2000;0,00;86,32
6;1;303968;06/10/1997;12/07/1999;1;2014;0,00;1,62
6;1;303968;06/10/1998;03/01/2000;1;204;20,00;586,32
6;1;303968;06/10/1998;03/01/2000;1;558;0,00;195,44
6;1;303968;06/10/1998;03/01/2000;1;600;10,00;293,16
6;1;303968;06/10/1998;03/01/2000;1;615;0,00;97,72
6;1;303968;06/10/1998;03/01/2000;1;2000;0,00;85,99
6;1;303968;06/10/1998;03/01/2000;1;2014;0,00;1,00
6;1;303968;06/10/1999;02/01/2001;1;204;30,00;977,43
6;1;303968;06/10/1999;02/01/2001;1;558;0,00;325,81
6;1;303968;06/10/1999;02/01/2001;1;2000;0,00;143,36
6;1;303968;06/10/1999;02/01/2001;1;2014;0,00;11,98
6;1;303968;06/10/2000;04/02/2002;1;204;20,00;723,45
6;1;303968;06/10/2000;04/02/2002;1;558;0,00;241,15
6;1;303968;06/10/2000;04/02/2002;1;600;10,00;361,73
6;1;303968;06/10/2000;04/02/2002;1;615;0,00;120,58
6;1;303968;06/10/2000;04/02/2002;1;2000;0,00;106,11
6;1;303968;06/10/2000;04/02/2002;1;2014;0,00;10,62
6;1;303968;06/10/2001;02/01/2003;1;204;30,00;1106,88
6;1;303968;06/10/2001;02/01/2003;1;558;0,00;368,96
6;1;303968;06/10/2001;02/01/2003;1;2000;0,00;162,34
6;1;303968;06/10/2002;02/01/2004;1;204;20,00;823,02
6;1;303968;06/10/2002;02/01/2004;1;558;0,00;274,34
6;1;303968;06/10/2002;02/01/2004;1;600;10,00;411,51
6;1;303968;06/10/2002;02/01/2004;1;615;0,00;137,17
6;1;303968;06/10/2002;02/01/2004;1;2000;0,00;98,76
6;1;303968;06/10/2002;02/01/2004;1;2014;0,00;41,59
6;1;303968;06/10/2003;03/01/2005;1;204;20,00;892,38
6;1;303968;06/10/2003;03/01/2005;1;558;0,00;297,46
6;1;303968;06/10/2003;03/01/2005;1;600;10,00;446,19
6;1;303968;06/10/2003;03/01/2005;1;615;0,00;148,73
6;1;303968;06/10/2003;03/01/2005;1;2000;0,00;107,09
6;1;303968;06/10/2003;03/01/2005;1;2014;0,00;41,95
6;1;303968;06/10/2004;02/01/2006;1;204;30,00;1431,39
6;1;303968;06/10/2004;02/01/2006;1;558;0,00;477,13
6;1;303968;06/10/2004;02/01/2006;1;2000;11,00;209,94
6;1;303968;06/10/2004;02/01/2006;1;2014;0,00;45,09
6;1;303968;06/10/2005;02/01/2007;1;204;20,00;1055,36
6;1;303968;06/10/2005;02/01/2007;1;558;0,00;351,79
6;1;303968;06/10/2005;02/01/2007;1;600;10,00;527,68
6;1;303968;06/10/2005;02/01/2007;1;615;0,00;175,89
6;1;303968;06/10/2005;02/01/2007;1;2000;11,00;154,78
6;1;303968;06/10/2005;02/01/2007;1;2014;0,00;47,96
6;1;303968;06/10/2006;02/01/2008;1;204;20,00;1308,53
6;1;303968;06/10/2006;02/01/2008;1;558;0,00;436,18
6;1;303968;06/10/2006;02/01/2008;1;600;10,00;654,27
6;1;303968;06/10/2006;02/01/2008;1;615;0,00;218,09
6;1;303968;06/10/2006;02/01/2008;1;2000;11,00;191,91
6;1;303968;06/10/2007;05/01/2009;1;204;20,00;1428,67
6;1;303968;06/10/2007;05/01/2009;1;558;0,00;476,22
6;1;303968;06/10/2007;05/01/2009;1;600;10,00;714,33
6;1;303968;06/10/2007;05/01/2009;1;615;0,00;238,11
6;1;303968;06/10/2007;05/01/2009;1;2000;11,00;209,53
6;1;303968;06/10/2008;08/02/2010;1;204;20,00;1539,02
6;1;303968;06/10/2008;08/02/2010;1;558;0,00;513,01
6;1;303968;06/10/2008;08/02/2010;1;600;10,00;769,51
6;1;303968;06/10/2008;08/02/2010;1;615;0,00;256,50
6;1;303968;06/10/2008;08/02/2010;1;2000;11,00;225,72
6;1;303968;06/10/2009;10/01/2011;1;204;20,00;1578,74
6;1;303968;06/10/2009;10/01/2011;1;558;0,00;526,25
6;1;303968;06/10/2009;10/01/2011;1;600;10,00;789,37
6;1;303968;06/10/2009;10/01/2011;1;615;0,00;263,12
6;1;303968;06/10/2009;10/01/2011;1;2000;11,00;231,54
6;1;303968;06/10/2010;02/01/2012;1;204;20,00;1806,45
6;1;303968;06/10/2010;02/01/2012;1;558;0,00;602,15
6;1;303968;06/10/2010;02/01/2012;1;600;10,00;903,22
6;1;303968;06/10/2010;02/01/2012;1;615;0,00;301,07
6;1;303968;06/10/2010;02/01/2012;1;2000;11,00;264,94
6;1;303968;06/10/2011;11/02/2013;1;204;20,00;2244,82
6;1;303968;06/10/2011;11/02/2013;1;558;0,00;748,27
6;1;303968;06/10/2011;11/02/2013;1;600;10,00;1133,38
6;1;303968;06/10/2011;11/02/2013;1;615;0,00;377,79
6;1;303968;06/10/2011;11/02/2013;1;2000;11,00;329,23
6;1;303968;06/10/2011;11/02/2013;1;2014;7,50;32,79
6;1;303968;06/10/2012;10/02/2014;1;204;20,00;2637,93
6;1;303968;06/10/2012;10/02/2014;1;558;0,00;879,31
6;1;303968;06/10/2012;10/02/2014;1;600;10,00;1325,38
6;1;303968;06/10/2012;10/02/2014;1;615;0,00;441,79
6;1;303968;06/10/2012;10/02/2014;1;2000;11,00;386,89
6;1;303968;06/10/2012;10/02/2014;1;2014;15,00;80,61
6;1;303968;06/10/2013;09/02/2015;1;204;20,00;2998,36
6;1;303968;06/10/2013;09/02/2015;1;558;0,00;999,45
6;1;303968;06/10/2013;09/02/2015;1;600;10,00;1499,18
6;1;303968;06/10/2013;09/02/2015;1;615;0,00;499,73
6;1;303968;06/10/2013;09/02/2015;1;2000;11,00;439,75
6;1;303968;06/10/2013;09/02/2015;1;2014;15,00;144,77
6;1;303968;06/10/2014;01/02/2016;1;204;30,00;4680,67
6;1;303968;06/10/2014;01/02/2016;1;558;0,00;1560,22
6;1;303968;06/10/2014;01/02/2016;1;2000;11,00;570,88
6;1;303968;06/10/2014;01/02/2016;1;2014;27,50;585,62
6;1;303968;06/10/2015;20/02/2017;1;204;10,00;1732,05
6;1;303968;06/10/2015;20/02/2017;1;558;0,00;577,35
6;1;303968;06/10/2015;20/02/2017;1;2000;9,00;207,84
6;1;303968;06/10/2015;07/08/2017;1;204;20,00;4073,10
6;1;303968;06/10/2015;07/08/2017;1;558;0,00;1357,70
6;1;303968;06/10/2015;07/08/2017;1;2000;11,00;597,38
6;1;303968;06/10/2015;07/08/2017;1;2014;22,50;366,07
6;1;303968;06/10/2016;05/02/2018;1;204;20,00;4822,40
6;1;303968;06/10/2016;05/02/2018;1;558;0,00;1607,47
6;1;303968;06/10/2016;05/02/2018;1;600;10,00;2411,20
6;1;303968;06/10/2016;05/02/2018;1;615;0,00;803,73
6;1;303968;06/10/2016;05/02/2018;1;2000;11,00;621,03
6;1;303968;06/10/2016;05/02/2018;1;2014;27,50;623,80
6;1;307416;02/02/1998;21/12/1999;1;204;20,00;194,17
6;1;307416;02/02/1998;21/12/1999;1;558;0,00;64,72
6;1;307416;02/02/1998;21/12/1999;1;2000;0,00;19,81
6;1;307416;02/02/1998;10/01/2000;1;204;10,00;97,08
6;1;307416;02/02/1998;10/01/2000;1;558;0,00;32,36
6;1;307416;02/02/1998;10/01/2000;1;2000;0,00;9,90
6;1;307416;02/02/1999;19/12/2000;1;204;20,00;247,15
6;1;307416;02/02/1999;19/12/2000;1;558;0,00;82,38
6;1;307416;02/02/1999;19/12/2000;1;2000;0,00;25,44
6;1;307416;02/02/1999;08/01/2001;1;204;10,00;123,58
6;1;307416;02/02/1999;08/01/2001;1;558;0,00;41,19
6;1;307416;02/02/1999;08/01/2001;1;2000;0,00;12,72
6;1;307416;02/02/2000;18/12/2001;1;204;30,00;602,46
6;1;307416;02/02/2000;18/12/2001;1;558;0,00;200,82
6;1;307416;02/02/2000;18/12/2001;1;2000;0,00;88,36
6;1;307416;02/02/2001;17/12/2002;1;204;20,00;401,64
6;1;307416;02/02/2001;17/12/2002;1;558;0,00;133,88
6;1;307416;02/02/2001;17/12/2002;1;2000;0,00;46,32
6;1;307416;02/02/2001;21/01/2003;1;204;10,00;216,89
6;1;307416;02/02/2001;21/01/2003;1;558;0,00;72,30
6;1;307416;02/02/2001;21/01/2003;1;2000;0,00;22,12
6;1;307416;02/02/2002;16/12/2003;1;204;30,00;768,19
6;1;307416;02/02/2002;16/12/2003;1;558;0,00;256,06
6;1;307416;02/02/2002;16/12/2003;1;2000;0,00;112,67
6;1;307416;02/02/2003;03/01/2005;1;204;30,00;953,70
6;1;307416;02/02/2003;03/01/2005;1;558;0,00;317,90
6;1;307416;02/02/2003;03/01/2005;1;2000;0,00;139,88
6;1;307416;02/02/2004;26/12/2005;1;204;20,00;697,00
6;1;307416;02/02/2004;26/12/2005;1;558;0,00;232,33
6;1;307416;02/02/2004;26/12/2005;1;600;10,00;348,50
6;1;307416;02/02/2004;26/12/2005;1;615;0,00;116,17
6;1;307416;02/02/2004;26/12/2005;1;2000;9,00;83,64
6;1;307416;02/02/2004;26/12/2005;1;2014;0,00;21,95
6;1;307416;02/02/2005;12/01/2007;1;204;20,00;901,00
6;1;307416;02/02/2005;12/01/2007;1;558;0,00;300,33
6;1;307416;02/02/2005;12/01/2007;1;600;10,00;450,50
6;1;307416;02/02/2005;12/01/2007;1;615;0,00;150,17
6;1;307416;02/02/2005;12/01/2007;1;2000;9,00;108,11
6;1;307416;02/02/2005;12/01/2007;1;2014;0,00;65,51
6;1;307416;02/02/2006;07/01/2008;1;204;20,00;1113,20
6;1;307416;02/02/2006;07/01/2008;1;558;0,00;371,07
6;1;307416;02/02/2006;07/01/2008;1;600;10,00;556,60
6;1;307416;02/02/2006;07/01/2008;1;615;0,00;185,53
6;1;307416;02/02/2006;07/01/2008;1;2000;11,00;163,26
6;1;307416;02/02/2007;12/01/2009;1;204;20,00;1518,40
6;1;307416;02/02/2007;12/01/2009;1;558;0,00;506,13
6;1;307416;02/02/2007;12/01/2009;1;600;10,00;759,20
6;1;307416;02/02/2007;12/01/2009;1;615;0,00;253,07
6;1;307416;02/02/2007;12/01/2009;1;2000;11,00;222,69
6;1;307416;02/02/2007;12/01/2009;1;2014;7,50;27,55
6;1;307416;02/02/2008;11/01/2010;1;204;20,00;1978,08
6;1;307416;02/02/2008;11/01/2010;1;558;0,00;659,36
6;1;307416;02/02/2008;11/01/2010;1;600;10,00;989,04
6;1;307416;02/02/2008;11/01/2010;1;615;0,00;329,68
6;1;307416;02/02/2008;11/01/2010;1;2000;11,00;290,11
6;1;307416;02/02/2008;11/01/2010;1;2014;15,00;71,16
6;1;307416;02/02/2009;10/01/2011;1;204;20,00;2029,13
6;1;307416;02/02/2009;10/01/2011;1;558;0,00;676,38
6;1;307416;02/02/2009;10/01/2011;1;600;10,00;1014,56
6;1;307416;02/02/2009;10/01/2011;1;615;0,00;338,19
6;1;307416;02/02/2009;10/01/2011;1;2000;11,00;297,60
6;1;307416;02/02/2009;10/01/2011;1;2014;15,00;80,25
6;1;307416;02/02/2010;09/01/2012;1;204;20,00;2214,59
6;1;307416;02/02/2010;09/01/2012;1;558;0,00;738,20
6;1;307416;02/02/2010;09/01/2012;1;600;10,00;1107,29
6;1;307416;02/02/2010;09/01/2012;1;615;0,00;369,10
6;1;307416;02/02/2010;09/01/2012;1;2000;11,00;324,80
6;1;307416;02/02/2010;09/01/2012;1;2014;15,00;87,40
6;1;307416;02/02/2011;07/01/2013;1;204;20,00;2391,76
6;1;307416;02/02/2011;07/01/2013;1;558;0,00;797,25
6;1;307416;02/02/2011;07/01/2013;1;600;10,00;1195,88
6;1;307416;02/02/2011;07/01/2013;1;615;0,00;398,63
6;1;307416;02/02/2011;07/01/2013;1;2000;11,00;350,79
6;1;307416;02/02/2011;07/01/2013;1;2014;15,00;105,13
6;1;307416;02/02/2012;06/01/2014;1;204;20,00;3980,26
6;1;307416;02/02/2012;06/01/2014;1;558;0,00;1326,75
6;1;307416;02/02/2012;06/01/2014;1;600;10,00;1990,13
6;1;307416;02/02/2012;06/01/2014;1;615;0,00;663,38
6;1;307416;02/02/2012;06/01/2014;1;2000;11,00;457,49
6;1;307416;02/02/2012;06/01/2014;1;2014;27,50;507,47
6;1;307416;02/02/2013;05/01/2015;1;204;20,00;4922,58
6;1;307416;02/02/2013;05/01/2015;1;558;0,00;1640,86
6;1;307416;02/02/2013;05/01/2015;1;600;10,00;2461,29
6;1;307416;02/02/2013;05/01/2015;1;615;0,00;820,43
6;1;307416;02/02/2013;05/01/2015;1;2000;11,00;482,92
6;1;307416;02/02/2013;05/01/2015;1;2014;27,50;845,99
8;1;307416;02/02/1998;21/12/1999;1;204;20,00;194,17
8;1;307416;02/02/1998;21/12/1999;1;558;0,00;64,72
8;1;307416;02/02/1998;21/12/1999;1;2000;0,00;19,81
8;1;307416;02/02/1998;10/01/2000;1;204;10,00;97,08
8;1;307416;02/02/1998;10/01/2000;1;558;0,00;32,36
8;1;307416;02/02/1998;10/01/2000;1;2000;0,00;9,90
8;1;307416;02/02/1999;19/12/2000;1;204;20,00;247,15
8;1;307416;02/02/1999;19/12/2000;1;558;0,00;82,38
8;1;307416;02/02/1999;19/12/2000;1;2000;0,00;25,44
8;1;307416;02/02/1999;08/01/2001;1;204;10,00;123,58
8;1;307416;02/02/1999;08/01/2001;1;558;0,00;41,19
8;1;307416;02/02/1999;08/01/2001;1;2000;0,00;12,72
8;1;307416;02/02/2000;18/12/2001;1;204;30,00;602,46
8;1;307416;02/02/2000;18/12/2001;1;558;0,00;200,82
8;1;307416;02/02/2000;18/12/2001;1;2000;0,00;88,36
8;1;307416;02/02/2001;17/12/2002;1;204;20,00;401,64
8;1;307416;02/02/2001;17/12/2002;1;558;0,00;133,88
8;1;307416;02/02/2001;17/12/2002;1;2000;0,00;46,32
8;1;307416;02/02/2001;21/01/2003;1;204;10,00;216,89
8;1;307416;02/02/2001;21/01/2003;1;558;0,00;72,30
8;1;307416;02/02/2001;21/01/2003;1;2000;0,00;22,12
8;1;307416;02/02/2002;16/12/2003;1;204;30,00;768,19
8;1;307416;02/02/2002;16/12/2003;1;558;0,00;256,06
8;1;307416;02/02/2002;16/12/2003;1;2000;0,00;112,67
8;1;307416;02/02/2003;03/01/2005;1;204;30,00;953,70
8;1;307416;02/02/2003;03/01/2005;1;558;0,00;317,90
8;1;307416;02/02/2003;03/01/2005;1;2000;0,00;139,88
8;1;307416;02/02/2004;26/12/2005;1;204;20,00;697,00
8;1;307416;02/02/2004;26/12/2005;1;558;0,00;232,33
8;1;307416;02/02/2004;26/12/2005;1;600;10,00;348,50
8;1;307416;02/02/2004;26/12/2005;1;615;0,00;116,17
8;1;307416;02/02/2004;26/12/2005;1;2000;9,00;83,64
8;1;307416;02/02/2004;26/12/2005;1;2014;0,00;21,95
4;1;311960;03/08/1998;10/01/2000;1;204;30,00;397,76
4;1;311960;03/08/1998;10/01/2000;1;558;0,00;132,59
4;1;311960;03/08/1998;10/01/2000;1;2000;0,00;47,73
4;1;311960;03/08/1999;15/01/2001;1;204;30,00;794,55
4;1;311960;03/08/1999;15/01/2001;1;558;0,00;264,85
4;1;311960;03/08/1999;15/01/2001;1;2000;0,00;116,53
4;1;311960;03/08/1999;15/01/2001;1;2014;0,00;6,43
4;1;311960;03/08/2000;07/01/2002;1;204;20,00;580,31
4;1;311960;03/08/2000;07/01/2002;1;558;0,00;193,44
4;1;311960;03/08/2000;07/01/2002;1;600;10,00;290,16
4;1;311960;03/08/2000;07/01/2002;1;615;0,00;96,72
4;1;311960;03/08/2000;07/01/2002;1;2000;0,00;85,11
4;1;311960;03/08/2000;07/01/2002;1;2014;0,00;26,33
4;1;314331;03/12/1998;01/03/2000;1;204;30,00;252,93
4;1;314331;03/12/1998;01/03/2000;1;558;0,00;84,31
4;1;314331;03/12/1998;01/03/2000;1;2000;0,00;25,80
4;1;314331;03/12/1999;01/08/2001;1;204;30,00;353,71
4;1;314331;03/12/1999;01/08/2001;1;558;0,00;117,90
4;1;314331;03/12/1999;01/08/2001;1;2000;0,00;40,79
4;1;314331;03/12/2000;14/01/2002;1;204;20,00;237,65
4;1;314331;03/12/2000;14/01/2002;1;558;0,00;79,22
4;1;314331;03/12/2000;14/01/2002;1;600;10,00;118,83
4;1;314331;03/12/2000;14/01/2002;1;615;0,00;39,61
4;1;314331;03/12/2000;14/01/2002;1;2000;0,00;24,24
4;1;314331;03/12/2001;17/03/2003;1;204;20,00;254,63
4;1;314331;03/12/2001;17/03/2003;1;558;0,00;84,88
4;1;314331;03/12/2001;17/03/2003;1;600;10,00;127,32
4;1;314331;03/12/2001;17/03/2003;1;615;0,00;42,44
4;1;314331;03/12/2001;17/03/2003;1;2000;0,00;25,97
4;1;314331;03/12/2002;01/03/2004;1;204;20,00;312,80
4;1;314331;03/12/2002;01/03/2004;1;558;0,00;104,27
4;1;314331;03/12/2002;01/03/2004;1;600;10,00;156,40
4;1;314331;03/12/2002;01/03/2004;1;615;0,00;52,13
4;1;314331;03/12/2002;01/03/2004;1;2000;0,00;31,91
4;1;314331;03/12/2003;21/12/2004;1;204;20,00;337,83
4;1;314331;03/12/2003;21/12/2004;1;558;0,00;112,61
4;1;314331;03/12/2003;21/12/2004;1;2000;0,00;34,46
4;1;314331;03/12/2003;03/11/2005;1;204;10,00;341,70
4;1;314331;03/12/2003;03/11/2005;1;558;0,00;113,90
4;1;314331;03/12/2003;03/11/2005;1;2000;7,65;34,85
4;1;317241;24/12/1998;07/02/2000;1;204;30,00;351,56
4;1;317241;24/12/1998;07/02/2000;1;558;0,00;117,19
4;1;317241;24/12/1998;07/02/2000;1;2000;0,00;42,19
4;1;317241;24/12/1999;01/02/2001;1;204;30,00;465,15
4;1;317241;24/12/1999;01/02/2001;1;558;0,00;155,05
4;1;317241;24/12/1999;01/02/2001;1;2000;0,00;55,82
4;1;317241;24/12/2000;18/12/2001;1;204;20,00;500,23
4;1;317241;24/12/2000;18/12/2001;1;558;0,00;166,74
4;1;317241;24/12/2000;18/12/2001;1;2000;0,00;60,03
4;1;317241;24/12/2000;23/07/2002;1;204;10,00;264,14
4;1;317241;24/12/2000;23/07/2002;1;558;0,00;88,05
4;1;317241;24/12/2000;23/07/2002;1;2000;0,00;26,94
282;1;318124;18/02/1999;13/03/2000;1;204;20,00;245,81
282;1;318124;18/02/1999;13/03/2000;1;558;0,00;81,94
282;1;318124;18/02/1999;13/03/2000;1;600;10,00;122,91
282;1;318124;18/02/1999;13/03/2000;1;615;0,00;40,97
282;1;318124;18/02/1999;13/03/2000;1;2000;0,00;25,07
282;1;318124;19/02/2000;19/02/2001;1;204;20,00;269,61
282;1;318124;19/02/2000;19/02/2001;1;558;0,00;89,87
282;1;318124;19/02/2000;19/02/2001;1;600;10,00;134,81
282;1;318124;19/02/2000;19/02/2001;1;615;0,00;44,94
282;1;318124;19/02/2000;19/02/2001;1;2000;0,00;27,75
282;1;318124;19/02/2001;25/02/2002;1;204;20,00;293,49
282;1;318124;19/02/2001;25/02/2002;1;558;0,00;97,83
282;1;318124;19/02/2001;25/02/2002;1;600;10,00;146,75
282;1;318124;19/02/2001;25/02/2002;1;615;0,00;48,92
282;1;318124;19/02/2001;25/02/2002;1;2000;0,00;29,94
282;1;318124;19/02/2004;16/01/2006;1;204;20,00;1006,40
282;1;318124;19/02/2004;16/01/2006;1;558;0,00;335,47
282;1;318124;19/02/2004;16/01/2006;1;600;10,00;503,20
282;1;318124;19/02/2004;16/01/2006;1;615;0,00;167,73
282;1;318124;19/02/2004;16/01/2006;1;2000;11,00;147,61
282;1;318124;19/02/2004;16/01/2006;1;2014;0,00;105,18
282;1;318124;19/02/2005;29/01/2007;1;204;20,00;1276,51
282;1;318124;19/02/2005;29/01/2007;1;558;0,00;425,50
282;1;318124;19/02/2005;29/01/2007;1;600;10,00;638,25
282;1;318124;19/02/2005;29/01/2007;1;615;0,00;212,75
282;1;318124;19/02/2005;29/01/2007;1;2000;11,00;187,22
282;1;318124;19/02/2005;29/01/2007;1;2014;0,00;157,82
282;1;318124;19/02/2006;28/01/2008;1;204;20,00;1411,73
282;1;318124;19/02/2006;28/01/2008;1;558;0,00;470,58
282;1;318124;19/02/2006;28/01/2008;1;600;10,00;705,87
282;1;318124;19/02/2006;28/01/2008;1;615;0,00;235,29
282;1;318124;19/02/2006;28/01/2008;1;2000;11,00;207,05
282;1;318124;19/02/2006;28/01/2008;1;2014;15,00;45,37
4;1;322806;17/09/1999;19/12/2000;1;204;20,00;222,83
4;1;322806;17/09/1999;19/12/2000;1;558;0,00;74,28
4;1;322806;17/09/1999;19/12/2000;1;2000;0,00;22,94
4;1;322806;17/09/1999;08/01/2001;1;204;10,00;111,42
4;1;322806;17/09/1999;08/01/2001;1;558;0,00;37,14
4;1;322806;17/09/1999;08/01/2001;1;2000;0,00;11,47
8;1;323144;23/09/1999;07/11/2000;1;204;12,00;110,57
8;1;323144;23/09/1999;07/11/2000;1;558;0,00;36,86
8;1;323144;23/09/1999;07/11/2000;1;2000;0,00;11,38
4;1;325210;25/11/1999;02/04/2001;1;204;30,00;316,29
4;1;325210;25/11/1999;02/04/2001;1;558;0,00;105,43
4;1;325210;25/11/1999;02/04/2001;1;2000;0,00;36,82
4;1;325210;25/11/2000;01/02/2002;1;204;30,00;353,15
4;1;325210;25/11/2000;01/02/2002;1;558;0,00;117,72
4;1;325210;25/11/2000;01/02/2002;1;2000;0,00;40,73
4;1;325210;25/11/2001;01/02/2003;1;204;30,00;427,97
4;1;325210;25/11/2001;01/02/2003;1;558;0,00;142,66
4;1;325210;25/11/2001;01/02/2003;1;2000;0,00;49,36
4;1;325210;25/11/2002;15/12/2003;1;204;20,00;374,96
4;1;325210;25/11/2002;15/12/2003;1;558;0,00;124,99
4;1;325210;25/11/2002;15/12/2003;1;600;10,00;187,48
4;1;325210;25/11/2002;15/12/2003;1;615;0,00;62,49
4;1;325210;25/11/2002;15/12/2003;1;2000;0,00;38,25
4;1;325210;25/11/2003;20/12/2004;1;204;30,00;567,32
4;1;325210;25/11/2003;20/12/2004;1;558;0,00;189,11
4;1;325210;25/11/2003;20/12/2004;1;2000;0,00;65,43
4;1;325210;25/11/2004;02/01/2006;1;204;20,00;463,87
4;1;325210;25/11/2004;02/01/2006;1;558;0,00;154,62
4;1;325210;25/11/2004;02/01/2006;1;600;10,00;231,93
4;1;325210;25/11/2004;02/01/2006;1;615;0,00;77,31
4;1;325210;25/11/2004;02/01/2006;1;2000;7,65;47,31
4;1;325210;25/11/2005;19/12/2006;1;204;20,00;727,89
4;1;325210;25/11/2005;19/12/2006;1;558;0,00;242,63
4;1;325210;25/11/2005;19/12/2006;1;2000;8,65;83,94
4;1;325210;25/11/2005;31/01/2007;1;204;10,00;363,94
4;1;325210;25/11/2005;31/01/2007;1;558;0,00;121,31
4;1;325210;25/11/2005;31/01/2007;1;2000;7,65;37,12
4;1;325953;25/11/1999;19/12/2000;1;204;20,00;221,80
4;1;325953;25/11/1999;19/12/2000;1;558;0,00;73,93
4;1;325953;25/11/1999;19/12/2000;1;2000;0,00;22,83
4;1;325953;25/11/1999;22/01/2001;1;204;10,00;110,90
4;1;325953;25/11/1999;22/01/2001;1;558;0,00;36,97
4;1;325953;25/11/1999;22/01/2001;1;2000;0,00;11,42
4;1;328979;18/12/2003;21/12/2004;1;204;20,00;623,33
4;1;328979;18/12/2003;21/12/2004;1;558;0,00;207,78
4;1;328979;18/12/2003;21/12/2004;1;600;10,00;311,67
4;1;328979;18/12/2003;21/12/2004;1;615;0,00;103,89
4;1;328979;18/12/2003;21/12/2004;1;2000;0,00;74,80
8;1;331120;19/12/2000;18/12/2001;1;204;20,00;500,23
8;1;331120;19/12/2000;18/12/2001;1;558;0,00;166,74
8;1;331120;19/12/2000;18/12/2001;1;2000;0,00;60,03
8;1;331120;19/12/2000;12/08/2002;1;204;10,00;250,11
8;1;331120;19/12/2000;12/08/2002;1;558;0,00;83,37
8;1;331120;19/12/2000;12/08/2002;1;2000;0,00;25,51
8;1;331120;19/12/2001;06/01/2003;1;204;20,00;500,23
8;1;331120;19/12/2001;06/01/2003;1;558;0,00;166,74
8;1;331120;19/12/2001;06/01/2003;1;2000;0,00;60,03
8;1;331120;19/12/2001;09/07/2003;1;204;10,00;316,67
8;1;331120;19/12/2001;09/07/2003;1;558;0,00;105,56
8;1;331120;19/12/2001;09/07/2003;1;2000;0,00;32,30
4;1;335339;22/11/2000;11/06/2002;1;204;20,00;239,07
4;1;335339;22/11/2000;11/06/2002;1;558;0,00;79,69
4;1;335339;22/11/2000;11/06/2002;1;600;10,00;119,54
4;1;335339;22/11/2000;11/06/2002;1;615;0,00;39,85
4;1;335339;22/11/2000;11/06/2002;1;2000;0,00;24,39
4;1;335339;22/11/2001;06/01/2003;1;204;30,00;475,69
4;1;335339;22/11/2001;06/01/2003;1;558;0,00;158,56
4;1;335339;22/11/2001;06/01/2003;1;2000;0,00;57,08
4;1;335339;22/11/2002;11/02/2004;1;204;20,00;343,33
4;1;335339;22/11/2002;11/02/2004;1;558;0,00;114,44
4;1;335339;22/11/2002;11/02/2004;1;600;10,00;171,67
4;1;335339;22/11/2002;11/02/2004;1;615;0,00;57,22
4;1;335339;22/11/2002;11/02/2004;1;2000;0,00;35,02
4;1;335339;22/11/2003;21/12/2004;1;204;20,00;623,33
4;1;335339;22/11/2003;21/12/2004;1;558;0,00;207,78
4;1;335339;22/11/2003;21/12/2004;1;600;10,00;311,67
4;1;335339;22/11/2003;21/12/2004;1;615;0,00;103,89
4;1;335339;22/11/2003;21/12/2004;1;2000;0,00;74,80
4;1;337773;04/04/2001;01/08/2002;1;204;30,00;362,42
4;1;337773;04/04/2001;01/08/2002;1;558;0,00;120,81
4;1;337773;04/04/2001;01/08/2002;1;2000;0,00;41,80
4;1;337773;04/04/2002;15/07/2003;1;204;30,00;411,16
4;1;337773;04/04/2002;15/07/2003;1;558;0,00;137,05
4;1;337773;04/04/2002;15/07/2003;1;2000;0,00;41,94
4;1;337773;04/04/2003;03/01/2005;1;204;30,00;442,34
4;1;337773;04/04/2003;03/01/2005;1;558;0,00;147,45
4;1;337773;04/04/2003;03/01/2005;1;2000;0,00;45,12
4;1;337773;04/04/2004;01/02/2006;1;204;30,00;470,14
4;1;337773;04/04/2004;01/02/2006;1;558;0,00;156,71
4;1;337773;04/04/2004;01/02/2006;1;2000;7,65;47,95
4;1;337773;04/04/2005;02/01/2007;1;204;30,00;504,89
4;1;337773;04/04/2005;02/01/2007;1;558;0,00;168,30
4;1;337773;04/04/2005;02/01/2007;1;2000;7,65;51,49
4;1;337773;04/04/2006;18/12/2007;1;204;20,00;376,51
4;1;337773;04/04/2006;18/12/2007;1;558;0,00;125,50
4;1;337773;04/04/2006;18/12/2007;1;600;10,00;188,26
4;1;337773;04/04/2006;18/12/2007;1;615;0,00;62,75
4;1;337773;04/04/2006;18/12/2007;1;2000;7,65;38,40
4;1;347515;02/09/2002;02/02/2004;1;204;30,00;417,16
4;1;347515;02/09/2002;02/02/2004;1;558;0,00;139,05
4;1;347515;02/09/2002;02/02/2004;1;2000;0,00;42,55
4;1;347515;02/09/2003;21/12/2004;1;204;20,00;289,79
4;1;347515;02/09/2003;21/12/2004;1;558;0,00;96,60
4;1;347515;02/09/2003;21/12/2004;1;2000;0,00;29,56
4;1;347515;02/09/2003;31/01/2005;1;204;10,00;144,90
4;1;347515;02/09/2003;31/01/2005;1;558;0,00;48,30
4;1;347515;02/09/2003;31/01/2005;1;2000;0,00;14,78
4;1;352268;12/12/2002;16/12/2003;1;204;30,00;403,24
4;1;352268;12/12/2002;16/12/2003;1;558;0,00;134,41
4;1;352268;12/12/2002;16/12/2003;1;2000;0,00;41,13
8;1;352683;16/12/2003;21/12/2004;1;204;20,00;384,09
8;1;352683;16/12/2003;21/12/2004;1;558;0,00;128,03
8;1;352683;16/12/2003;21/12/2004;1;2000;0,00;39,18
8;1;352683;16/12/2003;04/07/2005;1;204;10,00;232,96
8;1;352683;16/12/2003;04/07/2005;1;558;0,00;77,65
8;1;352683;16/12/2003;04/07/2005;1;2000;0,00;23,76
8;1;352683;16/12/2004;20/12/2005;1;204;20,00;460,10
8;1;352683;16/12/2004;20/12/2005;1;558;0,00;153,37
8;1;352683;16/12/2004;20/12/2005;1;2000;7,65;46,93
8;1;352683;16/12/2004;03/07/2006;1;204;10,00;289,22
8;1;352683;16/12/2004;03/07/2006;1;558;0,00;96,41
8;1;352683;16/12/2004;03/07/2006;1;2000;7,65;29,50
8;1;352683;16/12/2005;19/12/2006;1;204;20,00;593,27
8;1;352683;16/12/2005;19/12/2006;1;558;0,00;197,76
8;1;352683;16/12/2005;19/12/2006;1;2000;7,65;60,51
8;1;352683;16/12/2005;03/10/2007;1;204;10,00;449,83
8;1;352683;16/12/2005;03/10/2007;1;558;0,00;149,94
8;1;352683;16/12/2005;03/10/2007;1;2000;7,65;45,88
8;1;352683;16/12/2006;18/12/2007;1;204;20,00;914,01
8;1;352683;16/12/2006;18/12/2007;1;558;0,00;304,67
8;1;352683;16/12/2006;18/12/2007;1;2000;9,00;109,68
8;1;352683;16/12/2006;10/09/2008;1;204;10,00;552,91
8;1;352683;16/12/2006;10/09/2008;1;558;0,00;184,30
8;1;352683;16/12/2006;10/09/2008;1;2000;8,00;58,97
8;1;352683;16/12/2007;18/11/2009;1;204;10,00;588,99
8;1;352683;16/12/2007;18/11/2009;1;558;0,00;196,33
8;1;352683;16/12/2007;18/11/2009;1;2000;8,00;62,82
8;1;352683;16/12/2008;10/11/2010;1;204;10,00;692,58
8;1;352683;16/12/2008;10/11/2010;1;558;0,00;230,86
8;1;352683;16/12/2008;10/11/2010;1;2000;8,00;73,87
8;1;352683;16/12/2009;25/07/2011;1;204;10,00;717,29
8;1;352683;16/12/2009;25/07/2011;1;558;0,00;239,10
8;1;352683;16/12/2009;25/07/2011;1;2000;8,00;76,51
8;1;352683;16/12/2010;19/12/2011;1;204;20,00;1463,27
8;1;352683;16/12/2010;19/12/2011;1;558;0,00;487,76
8;1;352683;16/12/2010;19/12/2011;1;2000;11,00;214,61
8;1;352683;16/12/2010;19/12/2011;1;2014;7,50;12,74
8;1;352683;16/12/2010;01/11/2012;1;204;10,00;816,68
8;1;352683;16/12/2010;01/11/2012;1;558;0,00;272,23
8;1;352683;16/12/2010;01/11/2012;1;2000;8,00;87,11
8;1;352683;16/12/2011;30/10/2013;1;204;10,00;893,51
8;1;352683;16/12/2011;30/10/2013;1;558;0,00;297,84
8;1;352683;16/12/2011;30/10/2013;1;2000;8,00;95,30
8;1;352683;16/12/2012;23/12/2013;1;204;20,00;1740,60
8;1;352683;16/12/2012;23/12/2013;1;558;0,00;580,20
8;1;352683;16/12/2012;23/12/2013;1;2000;11,00;255,28
8;1;352683;16/12/2012;23/12/2013;1;2014;7,50;26,60
8;1;352683;16/12/2012;09/06/2014;1;204;10,00;1038,39
8;1;352683;16/12/2012;09/06/2014;1;558;0,00;346,13
8;1;352683;16/12/2012;09/06/2014;1;2000;9,00;124,60
8;1;352683;16/12/2013;29/12/2014;1;204;20,00;2048,45
8;1;352683;16/12/2013;29/12/2014;1;558;0,00;682,82
8;1;352683;16/12/2013;29/12/2014;1;600;10,00;1024,22
8;1;352683;16/12/2013;29/12/2014;1;615;0,00;341,41
8;1;352683;16/12/2013;29/12/2014;1;2000;11,00;300,43
8;1;352683;16/12/2013;29/12/2014;1;2014;7,50;48,23
6;1;353426;03/04/2003;15/12/2004;1;204;30,00;438,94
6;1;353426;03/04/2003;15/12/2004;1;558;0,00;146,31
6;1;353426;03/04/2003;15/12/2004;1;2000;0,00;44,77
6;1;353426;03/04/2004;20/12/2005;1;204;30,00;472,14
6;1;353426;03/04/2004;20/12/2005;1;558;0,00;157,38
6;1;353426;03/04/2004;20/12/2005;1;2000;7,65;48,16
6;1;353426;03/04/2005;11/09/2006;1;204;30,00;500,86
6;1;353426;03/04/2005;11/09/2006;1;558;0,00;166,95
6;1;353426;03/04/2005;11/09/2006;1;2000;7,65;51,09
6;1;353426;03/04/2006;21/05/2007;1;204;30,00;523,80
6;1;353426;03/04/2006;21/05/2007;1;558;0,00;174,60
6;1;353426;03/04/2006;21/05/2007;1;2000;7,65;53,42
6;1;353426;03/04/2007;07/04/2008;1;204;30,00;584,72
6;1;353426;03/04/2007;07/04/2008;1;558;0,00;194,91
6;1;353426;03/04/2007;07/04/2008;1;2000;8,00;62,37
6;1;353426;03/04/2008;13/04/2009;1;204;20,00;413,35
6;1;353426;03/04/2008;13/04/2009;1;558;0,00;137,78
6;1;353426;03/04/2008;13/04/2009;1;600;10,00;206,68
6;1;353426;03/04/2008;13/04/2009;1;615;0,00;68,89
6;1;353426;03/04/2008;13/04/2009;1;2000;8,00;44,09
6;1;353426;03/04/2009;05/04/2010;1;204;30,00;663,43
6;1;353426;03/04/2009;05/04/2010;1;558;0,00;221,14
6;1;353426;03/04/2009;05/04/2010;1;2000;8,00;70,76
6;1;353426;03/04/2010;06/02/2012;1;204;30,00;842,48
6;1;353426;03/04/2010;06/02/2012;1;558;0,00;280,83
6;1;353426;03/04/2010;06/02/2012;1;2000;8,00;89,86
6;1;353426;03/04/2011;25/02/2013;1;204;30,00;984,60
6;1;353426;03/04/2011;25/02/2013;1;558;0,00;328,20
6;1;353426;03/04/2011;25/02/2013;1;2000;9,00;118,15
6;1;353426;03/04/2012;13/01/2014;1;204;30,00;1255,32
6;1;353426;03/04/2012;13/01/2014;1;558;0,00;418,44
6;1;353426;03/04/2012;13/01/2014;1;2000;9,00;150,63
6;1;353426;03/04/2013;06/10/2014;1;204;30,00;1402,17
6;1;353426;03/04/2013;06/10/2014;1;558;0,00;467,39
6;1;353426;03/04/2013;06/10/2014;1;2000;9,00;168,26
6;1;353426;03/04/2014;30/11/2015;1;204;30,00;1514,24
6;1;353426;03/04/2014;30/11/2015;1;558;0,00;504,75
6;1;353426;03/04/2014;30/11/2015;1;2000;9,00;181,70
4;1;353671;05/05/2003;20/12/2004;1;204;30,00;556,20
4;1;353671;05/05/2003;20/12/2004;1;558;0,00;185,40
4;1;353671;05/05/2003;20/12/2004;1;2000;0,00;56,73
4;1;353671;05/05/2004;20/12/2005;1;204;30,00;595,27
4;1;353671;05/05/2004;20/12/2005;1;558;0,00;198,42
4;1;353671;05/05/2004;20/12/2005;1;2000;7,65;60,72
4;1;353671;05/05/2005;11/12/2006;1;204;30,00;723,00
4;1;353671;05/05/2005;11/12/2006;1;558;0,00;241,00
4;1;353671;05/05/2005;11/12/2006;1;2000;8,65;83,38
4;1;353671;05/05/2006;26/12/2007;1;204;20,00;535,59
4;1;353671;05/05/2006;26/12/2007;1;558;0,00;178,53
4;1;353671;05/05/2006;26/12/2007;1;600;10,00;267,80
4;1;353671;05/05/2006;26/12/2007;1;615;0,00;89,27
4;1;353671;05/05/2006;26/12/2007;1;2000;7,65;54,63
4;1;354759;22/07/2003;21/12/2004;1;204;30,00;432,00
4;1;354759;22/07/2003;21/12/2004;1;558;0,00;144,00
4;1;354759;22/07/2003;21/12/2004;1;2000;0,00;44,06
282;1;361488;02/02/2004;03/02/2005;1;204;30,00;378,00
282;1;361488;02/02/2004;03/02/2005;1;558;0,00;126,00
282;1;361488;02/02/2004;03/02/2005;1;2000;0,00;38,56
282;1;361488;02/02/2005;06/02/2006;1;204;20,00;670,00
282;1;361488;02/02/2005;06/02/2006;1;558;0,00;223,33
282;1;361488;02/02/2005;06/02/2006;1;2000;8,65;77,27
282;1;361488;02/02/2005;27/12/2006;1;204;10,00;355,10
282;1;361488;02/02/2005;27/12/2006;1;558;0,00;118,37
282;1;361488;02/02/2005;27/12/2006;1;2000;7,65;36,22
282;1;361488;02/02/2006;05/02/2007;1;204;20,00;816,87
282;1;361488;02/02/2006;05/02/2007;1;558;0,00;272,29
282;1;361488;02/02/2006;05/02/2007;1;2000;9,00;98,02
282;1;361488;02/02/2006;26/12/2007;1;204;10,00;491,67
282;1;361488;02/02/2006;26/12/2007;1;558;0,00;163,89
282;1;361488;02/02/2006;26/12/2007;1;2000;7,65;50,15
282;1;361488;02/02/2007;06/02/2008;1;204;20,00;983,33
282;1;361488;02/02/2007;06/02/2008;1;558;0,00;327,78
282;1;361488;02/02/2007;06/02/2008;1;600;10,00;491,67
282;1;361488;02/02/2007;06/02/2008;1;615;0,00;163,89
282;1;361488;02/02/2007;06/02/2008;1;2000;9,00;117,99
282;1;361488;02/02/2008;05/02/2009;1;204;30,00;1637,10
282;1;361488;02/02/2008;05/02/2009;1;558;0,00;545,70
282;1;361488;02/02/2008;05/02/2009;1;2000;11,00;240,10
282;1;361488;02/02/2008;05/02/2009;1;2014;7,50;38,11
282;1;361488;02/02/2009;17/02/2010;1;204;15,00;1087,10
282;1;361488;02/02/2009;17/02/2010;1;558;0,00;362,37
282;1;361488;02/02/2009;17/02/2010;1;2000;9,00;130,45
282;1;361488;02/02/2009;13/01/2011;1;204;15,00;1089,73
282;1;361488;02/02/2009;13/01/2011;1;558;0,00;363,24
282;1;361488;02/02/2009;13/01/2011;1;2000;9,00;130,76
8;1;362239;15/03/2004;01/09/2005;1;204;30,00;591,71
8;1;362239;15/03/2004;01/09/2005;1;558;0,00;197,24
8;1;362239;15/03/2004;01/09/2005;1;2000;0,00;60,35
4;1;364967;02/08/2004;15/12/2005;1;204;30,00;468,25
4;1;364967;02/08/2004;15/12/2005;1;558;0,00;156,08
4;1;364967;02/08/2004;15/12/2005;1;2000;7,65;47,76
4;1;364967;02/08/2005;19/12/2006;1;204;20,00;333,57
4;1;364967;02/08/2005;19/12/2006;1;558;0,00;111,19
4;1;364967;02/08/2005;19/12/2006;1;2000;7,65;34,02
4;1;364967;02/08/2005;25/04/2007;1;204;10,00;176,97
4;1;364967;02/08/2005;25/04/2007;1;558;0,00;58,99
4;1;364967;02/08/2005;25/04/2007;1;2000;7,65;18,05
282;1;365246;10/08/2004;16/01/2006;1;204;30,00;463,00
282;1;365246;10/08/2004;16/01/2006;1;558;0,00;154,33
282;1;365246;10/08/2004;16/01/2006;1;2000;7,65;47,23
282;1;365246;10/08/2005;13/11/2006;1;204;20,00;333,47
282;1;365246;10/08/2005;13/11/2006;1;558;0,00;111,16
282;1;365246;10/08/2005;13/11/2006;1;600;10,00;166,73
282;1;365246;10/08/2005;13/11/2006;1;615;0,00;55,58
282;1;365246;10/08/2005;13/11/2006;1;2000;7,65;34,01
282;1;365246;10/08/2006;02/01/2008;1;204;30,00;541,14
282;1;365246;10/08/2006;02/01/2008;1;558;0,00;180,38
282;1;365246;10/08/2006;02/01/2008;1;2000;7,65;55,19
282;1;365246;10/08/2007;22/12/2008;1;204;30,00;573,46
282;1;365246;10/08/2007;22/12/2008;1;558;0,00;191,15
282;1;365246;10/08/2007;22/12/2008;1;2000;8,00;61,16
282;1;365246;10/08/2008;21/12/2009;1;204;30,00;625,87
282;1;365246;10/08/2008;21/12/2009;1;558;0,00;208,62
282;1;365246;10/08/2008;21/12/2009;1;2000;8,00;66,75
282;1;365246;10/08/2009;20/12/2010;1;204;30,00;644,08
282;1;365246;10/08/2009;20/12/2010;1;558;0,00;214,69
282;1;365246;10/08/2009;20/12/2010;1;2000;8,00;68,70
282;1;365246;10/08/2010;19/12/2011;1;204;30,00;798,29
282;1;365246;10/08/2010;19/12/2011;1;558;0,00;266,10
282;1;365246;10/08/2010;19/12/2011;1;2000;8,00;85,15
282;1;365246;10/08/2011;17/12/2012;1;204;30,00;862,16
282;1;365246;10/08/2011;17/12/2012;1;558;0,00;287,39
282;1;365246;10/08/2011;17/12/2012;1;2000;8,00;91,96
282;1;365246;10/08/2012;23/12/2013;1;204;30,00;996,97
282;1;365246;10/08/2012;23/12/2013;1;558;0,00;332,32
282;1;365246;10/08/2012;23/12/2013;1;2000;9,00;119,63
282;1;365246;10/08/2013;22/12/2014;1;204;30,00;1384,84
282;1;365246;10/08/2013;22/12/2014;1;558;0,00;461,61
282;1;365246;10/08/2013;22/12/2014;1;2000;9,00;166,18
282;1;365246;10/08/2014;21/12/2015;1;204;30,00;1501,44
282;1;365246;10/08/2014;21/12/2015;1;558;0,00;500,48
282;1;365246;10/08/2014;21/12/2015;1;2000;9,00;180,17
282;1;365246;10/08/2015;19/12/2016;1;204;30,00;1649,24
282;1;365246;10/08/2015;19/12/2016;1;558;0,00;549,75
282;1;365246;10/08/2015;19/12/2016;1;2000;9,00;197,90
282;1;365246;10/08/2016;18/12/2017;1;204;20,00;1678,21
282;1;365246;10/08/2016;18/12/2017;1;558;0,00;559,40
282;1;365246;10/08/2016;18/12/2017;1;600;10,00;839,11
282;1;365246;10/08/2016;18/12/2017;1;615;0,00;279,70
282;1;365246;10/08/2016;18/12/2017;1;2000;9,00;201,38
4;1;365718;06/09/2004;26/09/2005;1;204;30,00;414,00
4;1;365718;06/09/2004;26/09/2005;1;558;0,00;138,00
4;1;365718;06/09/2004;26/09/2005;1;2000;0,00;42,23
4;1;365718;06/09/2005;11/12/2006;1;204;30,00;492,49
4;1;365718;06/09/2005;11/12/2006;1;558;0,00;164,16
4;1;365718;06/09/2005;11/12/2006;1;2000;7,65;50,23
4;1;365718;06/09/2006;13/12/2007;1;204;30,00;545,50
4;1;365718;06/09/2006;13/12/2007;1;558;0,00;181,83
4;1;365718;06/09/2006;13/12/2007;1;2000;7,65;55,64
4;1;365718;06/09/2007;22/12/2008;1;204;30,00;738,85
4;1;365718;06/09/2007;22/12/2008;1;558;0,00;246,28
4;1;365718;06/09/2007;22/12/2008;1;2000;9,00;88,66
4;1;365718;06/09/2008;17/12/2009;1;204;30,00;805,45
4;1;365718;06/09/2008;17/12/2009;1;558;0,00;268,48
4;1;365718;06/09/2008;17/12/2009;1;2000;9,00;96,65
4;1;365718;06/09/2009;16/12/2010;1;204;30,00;941,23
4;1;365718;06/09/2009;16/12/2010;1;558;0,00;313,74
4;1;365718;06/09/2009;16/12/2010;1;2000;9,00;112,94
4;1;365718;06/09/2010;19/12/2011;1;204;30,00;1025,61
4;1;365718;06/09/2010;19/12/2011;1;558;0,00;341,87
4;1;365718;06/09/2010;19/12/2011;1;2000;9,00;123,07
4;1;365718;06/09/2011;11/02/2013;1;204;10,00;408,99
4;1;365718;06/09/2011;11/02/2013;1;558;0,00;136,33
4;1;365718;06/09/2011;11/02/2013;1;2000;8,00;43,62
4;1;371564;15/12/2004;20/12/2005;1;204;20,00;308,76
4;1;371564;15/12/2004;20/12/2005;1;558;0,00;102,92
4;1;371564;15/12/2004;20/12/2005;1;2000;7,65;31,49
4;1;371564;15/12/2004;16/01/2006;1;204;10,00;154,38
4;1;371564;15/12/2004;16/01/2006;1;558;0,00;51,46
4;1;371564;15/12/2004;16/01/2006;1;2000;7,65;15,75
4;1;376224;01/12/2005;28/09/2007;1;204;30,00;508,37
4;1;376224;01/12/2005;28/09/2007;1;558;0,00;169,46
4;1;376224;01/12/2005;28/09/2007;1;2000;7,65;51,85
4;1;376268;01/12/2005;01/08/2007;1;204;30,00;663,35
4;1;376268;01/12/2005;01/08/2007;1;558;0,00;221,12
4;1;376268;01/12/2005;01/08/2007;1;2000;8,65;76,50
4;1;376268;01/12/2006;18/12/2007;1;204;20,00;458,37
4;1;376268;01/12/2006;18/12/2007;1;558;0,00;152,79
4;1;376268;01/12/2006;18/12/2007;1;2000;7,65;46,75
4;1;376268;01/12/2006;06/10/2008;1;204;10,00;242,81
4;1;376268;01/12/2006;06/10/2008;1;558;0,00;80,94
4;1;376268;01/12/2006;06/10/2008;1;2000;8,00;25,90
282;1;376560;01/06/2006;02/08/2007;1;204;30,00;540,80
282;1;376560;01/06/2006;02/08/2007;1;558;0,00;180,27
282;1;376560;01/06/2006;02/08/2007;1;2000;7,65;55,16
282;1;376560;01/06/2007;30/06/2008;1;204;30,00;573,46
282;1;376560;01/06/2007;30/06/2008;1;558;0,00;191,15
282;1;376560;01/06/2007;30/06/2008;1;2000;8,00;61,16
282;1;376560;01/06/2008;08/09/2009;1;204;30,00;613,60
282;1;376560;01/06/2008;08/09/2009;1;558;0,00;204,53
282;1;376560;01/06/2008;08/09/2009;1;2000;8,00;65,45
282;1;376560;01/06/2009;08/11/2010;1;204;30,00;652,50
282;1;376560;01/06/2009;08/11/2010;1;558;0,00;217,50
282;1;376560;01/06/2009;08/11/2010;1;2000;8,00;69,60
282;1;376560;01/06/2010;07/11/2011;1;204;30,00;721,69
282;1;376560;01/06/2010;07/11/2011;1;558;0,00;240,56
282;1;376560;01/06/2010;07/11/2011;1;2000;8,00;76,98
282;1;376560;01/06/2011;05/11/2012;1;204;30,00;818,58
282;1;376560;01/06/2011;05/11/2012;1;558;0,00;272,86
282;1;376560;01/06/2011;05/11/2012;1;2000;8,00;87,31
282;1;376560;01/06/2012;04/11/2013;1;204;30,00;1026,88
282;1;376560;01/06/2012;04/11/2013;1;558;0,00;342,29
282;1;376560;01/06/2012;04/11/2013;1;2000;9,00;123,22
282;1;376560;01/06/2013;17/11/2014;1;204;30,00;1367,23
282;1;376560;01/06/2013;17/11/2014;1;558;0,00;455,74
282;1;376560;01/06/2013;17/11/2014;1;2000;9,00;164,06
282;1;376560;01/06/2014;25/01/2016;1;204;30,00;1536,31
282;1;376560;01/06/2014;25/01/2016;1;558;0,00;512,10
282;1;376560;01/06/2014;25/01/2016;1;2000;9,00;184,35
282;1;376560;01/06/2015;14/11/2016;1;204;30,00;1676,82
282;1;376560;01/06/2015;14/11/2016;1;558;0,00;558,94
282;1;376560;01/06/2015;14/11/2016;1;2000;9,00;201,21
282;1;376560;01/06/2016;15/09/2017;1;204;30,00;1795,84
282;1;376560;01/06/2016;15/09/2017;1;558;0,00;598,61
282;1;376560;01/06/2016;15/09/2017;1;2000;9,00;215,50
282;1;376560;01/06/2017;17/12/2018;1;204;30,00;1835,04
282;1;376560;01/06/2017;17/12/2018;1;558;0,00;611,68
282;1;376560;01/06/2017;17/12/2018;1;2002;9,00;220,20
282;1;376560;01/06/2018;16/12/2019;1;204;30,00;1917,62
282;1;376560;01/06/2018;16/12/2019;1;558;0,00;639,21
282;1;376560;01/06/2018;16/12/2019;1;2002;9,00;230,11
282;1;376560;01/06/2018;16/12/2019;1;2014;7,50;17,48
282;1;376560;01/06/2019;06/04/2020;1;204;15,00;990,77
282;1;376560;01/06/2019;06/04/2020;1;2002;7,50;74,30
282;1;376560;01/06/2019;22/02/2021;1;204;15,00;1113,81
282;1;376560;01/06/2019;22/02/2021;1;558;0,00;371,27
282;1;376560;01/06/2019;22/02/2021;1;2002;7,89;117,15
282;1;376560;01/06/2020;21/02/2022;1;204;30,00;2793,27
282;1;376560;01/06/2020;21/02/2022;1;558;0,00;931,09
282;1;376560;01/06/2020;21/02/2022;1;2002;9,60;357,58
282;1;376560;01/06/2020;21/02/2022;1;2014;15,00;121,78
282;1;377248;15/03/2007;22/12/2008;1;204;10,00;191,00
282;1;377248;15/03/2007;22/12/2008;1;558;0,00;63,67
282;1;377248;15/03/2007;22/12/2008;1;2000;8,00;20,37
282;1;377248;15/03/2007;09/02/2009;1;204;20,00;382,00
282;1;377248;15/03/2007;09/02/2009;1;558;0,00;127,33
282;1;377248;15/03/2007;09/02/2009;1;2000;8,00;40,74
282;1;377248;15/03/2008;22/12/2009;1;204;10,00;204,37
282;1;377248;15/03/2008;22/12/2009;1;558;0,00;68,12
282;1;377248;15/03/2008;22/12/2009;1;2000;8,00;21,79
282;1;377248;15/03/2008;08/02/2010;1;204;20,00;408,74
282;1;377248;15/03/2008;08/02/2010;1;558;0,00;136,25
282;1;377248;15/03/2008;08/02/2010;1;2000;8,00;43,59
282;1;377248;15/03/2009;13/12/2010;1;204;20,00;478,06
282;1;377248;15/03/2009;13/12/2010;1;558;0,00;159,35
282;1;377248;15/03/2009;13/12/2010;1;600;10,00;239,03
282;1;377248;15/03/2009;13/12/2010;1;615;0,00;79,68
282;1;377248;15/03/2009;13/12/2010;1;2000;8,00;50,99
282;1;377248;15/03/2010;12/12/2011;1;204;20,00;521,76
282;1;377248;15/03/2010;12/12/2011;1;558;0,00;173,92
282;1;377248;15/03/2010;12/12/2011;1;600;10,00;260,88
282;1;377248;15/03/2010;12/12/2011;1;615;0,00;86,96
282;1;377248;15/03/2010;12/12/2011;1;2000;8,00;55,65
282;1;377248;15/03/2011;28/11/2012;1;204;30,00;865,04
282;1;377248;15/03/2011;28/11/2012;1;558;0,00;288,35
282;1;377248;15/03/2011;28/11/2012;1;2000;8,00;92,27
282;1;377248;15/03/2012;10/02/2014;1;204;30,00;1102,38
282;1;377248;15/03/2012;10/02/2014;1;558;0,00;367,46
282;1;377248;15/03/2012;10/02/2014;1;2000;9,00;132,28
4;1;377735;08/10/2007;15/06/2009;1;204;10,00;205,72
4;1;377735;08/10/2007;15/06/2009;1;558;0,00;68,57
4;1;377735;08/10/2007;15/06/2009;1;2000;8,00;21,94
4;1;377795;01/11/2007;09/02/2009;1;204;10,00;191,67
4;1;377795;01/11/2007;09/02/2009;1;558;0,00;63,89
4;1;377795;01/11/2007;09/02/2009;1;2000;8,00;20,44
6;1;378278;15/05/2008;31/08/2009;1;204;30,00;607,00
6;1;378278;15/05/2008;31/08/2009;1;558;0,00;202,33
6;1;378278;15/05/2008;31/08/2009;1;2000;8,00;64,74
6;1;378278;15/05/2009;31/05/2010;1;204;30,00;647,06
6;1;378278;15/05/2009;31/05/2010;1;558;0,00;215,69
6;1;378278;15/05/2009;31/05/2010;1;2000;8,00;69,02
6;1;378278;15/05/2010;15/08/2011;1;204;30,00;678,74
6;1;378278;15/05/2010;15/08/2011;1;558;0,00;226,25
6;1;378278;15/05/2010;15/08/2011;1;2000;8,00;72,39
6;1;378278;15/05/2011;16/07/2012;1;204;30,00;736,29
6;1;378278;15/05/2011;16/07/2012;1;558;0,00;245,43
6;1;378278;15/05/2011;16/07/2012;1;2000;8,00;78,53
6;1;378278;15/05/2012;27/05/2013;1;204;30,00;885,67
6;1;378278;15/05/2012;27/05/2013;1;558;0,00;295,22
6;1;378278;15/05/2012;27/05/2013;1;2000;8,00;94,47
6;1;378278;15/05/2013;09/10/2014;1;204;30,00;1022,58
6;1;378278;15/05/2013;09/10/2014;1;558;0,00;340,86
6;1;378278;15/05/2013;09/10/2014;1;2000;9,00;122,70
6;1;378278;15/05/2014;14/12/2015;1;204;20,00;731,27
6;1;378278;15/05/2014;14/12/2015;1;558;0,00;243,76
6;1;378278;15/05/2014;14/12/2015;1;600;10,00;365,64
6;1;378278;15/05/2014;14/12/2015;1;615;0,00;121,88
6;1;378278;15/05/2014;14/12/2015;1;2000;8,00;78,00
6;1;378278;15/05/2015;02/01/2017;1;204;30,00;1207,05
6;1;378278;15/05/2015;02/01/2017;1;558;0,00;402,35
6;1;378278;15/05/2015;02/01/2017;1;2000;9,00;144,84
6;1;378278;15/05/2016;11/12/2017;1;204;30,00;1416,07
6;1;378278;15/05/2016;11/12/2017;1;558;0,00;472,02
6;1;378278;15/05/2016;11/12/2017;1;2000;9,00;169,92
8;1;378566;05/09/2008;05/10/2009;1;204;30,00;552,76
8;1;378566;05/09/2008;05/10/2009;1;558;0,00;184,25
8;1;378566;05/09/2008;05/10/2009;1;2000;8,00;58,96
8;1;378566;05/09/2009;03/02/2011;1;204;30,00;675,38
8;1;378566;05/09/2009;03/02/2011;1;558;0,00;225,13
8;1;378566;05/09/2009;03/02/2011;1;2000;8,00;72,04
8;1;378566;05/09/2010;02/01/2012;1;204;30,00;697,60
8;1;378566;05/09/2010;02/01/2012;1;558;0,00;232,53
8;1;378566;05/09/2010;02/01/2012;1;2000;8,00;74,41
8;1;378566;05/09/2011;01/03/2013;1;204;30,00;915,71
8;1;378566;05/09/2011;01/03/2013;1;558;0,00;305,24
8;1;378566;05/09/2011;01/03/2013;1;2000;8,00;97,67
282;1;379038;27/04/2009;10/01/2011;1;204;30,00;653,09
282;1;379038;27/04/2009;10/01/2011;1;558;0,00;217,70
282;1;379038;27/04/2009;10/01/2011;1;2000;8,00;69,66
282;1;379038;27/04/2010;16/01/2012;1;204;30,00;808,33
282;1;379038;27/04/2010;16/01/2012;1;558;0,00;269,44
282;1;379038;27/04/2010;16/01/2012;1;2000;8,00;86,22
282;1;379038;27/04/2011;07/01/2013;1;204;30,00;860,63
282;1;379038;27/04/2011;07/01/2013;1;558;0,00;286,88
282;1;379038;27/04/2011;07/01/2013;1;2000;8,00;91,80
282;1;379038;27/04/2012;13/01/2014;1;204;20,00;1409,57
282;1;379038;27/04/2012;13/01/2014;1;558;0,00;469,86
282;1;379038;27/04/2012;13/01/2014;1;600;10,00;701,03
282;1;379038;27/04/2012;13/01/2014;1;615;0,00;233,68
282;1;379038;27/04/2012;13/01/2014;1;2000;9,00;169,14
282;1;379038;27/04/2013;12/01/2015;1;204;30,00;2227,92
282;1;379038;27/04/2013;12/01/2015;1;558;0,00;742,64
282;1;379038;27/04/2013;12/01/2015;1;2000;11,00;326,76
282;1;379038;27/04/2013;12/01/2015;1;2014;7,50;64,21
4;1;379083;01/06/2009;28/03/2011;1;204;10,00;792,15
4;1;379083;01/06/2009;28/03/2011;1;558;0,00;264,05
4;1;379083;01/06/2009;28/03/2011;1;2000;8,00;84,49
4;1;379677;20/12/2020;21/02/2022;1;204;30,00;3667,16
4;1;379677;20/12/2020;21/02/2022;1;558;0,00;1222,39
4;1;379677;20/12/2020;21/02/2022;1;2002;10,65;520,71
4;1;379677;20/12/2020;21/02/2022;1;2014;22,50;346,86
4;1;379677;20/12/2021;13/02/2023;1;204;30,00;4145,76
4;1;379677;20/12/2021;13/02/2023;1;558;0,00;1381,92
4;1;379677;20/12/2021;13/02/2023;1;2002;10,86;600,05
4;1;379677;20/12/2021;13/02/2023;1;2014;27,50;485,74
4;1;379677;20/12/2022;14/02/2024;1;204;10,00;1629,57
4;1;379677;20/12/2022;14/02/2024;1;558;0,00;543,19
4;1;379677;20/12/2022;14/02/2024;1;2002;8,02;174,36
4;1;379677;20/12/2022;26/08/2024;1;204;5,00;889,03
4;1;379677;20/12/2022;26/08/2024;1;558;0,00;296,34
4;1;379677;20/12/2022;26/08/2024;1;2002;7,50;88,90
4;1;379677;20/12/2022;12/11/2024;1;204;15,00;2756,00
4;1;379677;20/12/2022;12/11/2024;1;558;0,00;918,67
4;1;379677;20/12/2022;12/11/2024;1;2002;9,25;339,77
4;1;379677;20/12/2022;12/11/2024;1;2014;15,00;85,04
276;1;379762;12/03/2010;05/09/2011;1;204;30,00;1116,70
276;1;379762;12/03/2010;05/09/2011;1;558;0,00;372,23
276;1;379762;12/03/2010;05/09/2011;1;2000;9,00;134,00
276;1;379762;12/03/2011;01/10/2012;1;204;30,00;1191,02
276;1;379762;12/03/2011;01/10/2012;1;558;0,00;397,01
276;1;379762;12/03/2011;01/10/2012;1;2000;9,00;142,92
276;1;379762;12/03/2012;01/04/2013;1;204;30,00;1375,02
276;1;379762;12/03/2012;01/04/2013;1;558;0,00;458,34
276;1;379762;12/03/2012;01/04/2013;1;2000;9,00;165,00
276;1;379762;12/03/2013;20/03/2014;1;204;30,00;1530,06
276;1;379762;12/03/2013;20/03/2014;1;558;0,00;510,02
276;1;379762;12/03/2013;20/03/2014;1;2000;9,00;183,60
276;1;379762;12/03/2014;31/03/2015;1;204;30,00;1614,13
276;1;379762;12/03/2014;31/03/2015;1;558;0,00;538,04
276;1;379762;12/03/2014;31/03/2015;1;2000;9,00;193,69
276;1;379762;12/03/2015;15/09/2016;1;204;30,00;1773,55
276;1;379762;12/03/2015;15/09/2016;1;558;0,00;591,18
276;1;379762;12/03/2015;15/09/2016;1;2000;9,00;212,82
276;1;379762;12/03/2016;27/03/2017;1;204;30,00;1924,74
276;1;379762;12/03/2016;27/03/2017;1;558;0,00;641,58
276;1;379762;12/03/2016;27/03/2017;1;2000;9,00;230,96
276;1;379762;12/03/2016;27/03/2017;1;2014;7,50;18,13
276;1;379762;12/03/2017;02/04/2018;1;204;30,00;1996,04
276;1;379762;12/03/2017;02/04/2018;1;558;0,00;665,35
276;1;379762;12/03/2017;02/04/2018;1;2000;9,00;239,52
276;1;379762;12/03/2017;02/04/2018;1;2014;7,50;24,62
276;1;379762;12/03/2018;26/12/2019;1;204;30,00;3544,17
276;1;379762;12/03/2018;26/12/2019;1;558;0,00;1181,39
276;1;379762;12/03/2018;26/12/2019;1;2002;11,00;519,81
276;1;379762;12/03/2018;26/12/2019;1;2014;22,50;267,51
8;1;380580;19/12/2011;31/12/2012;1;204;30,00;949,62
8;1;380580;19/12/2011;31/12/2012;1;558;0,00;316,54
8;1;380580;19/12/2011;31/12/2012;1;2000;9,00;113,95
8;1;380580;19/12/2012;23/12/2013;1;204;30,00;1024,84
8;1;380580;19/12/2012;23/12/2013;1;558;0,00;341,61
8;1;380580;19/12/2012;23/12/2013;1;2000;9,00;122,98
8;1;380580;19/12/2013;06/04/2015;1;204;30,00;1252,23
8;1;380580;19/12/2013;06/04/2015;1;558;0,00;417,41
8;1;380580;19/12/2013;06/04/2015;1;2000;9,00;150,26
8;1;380580;19/12/2014;21/12/2015;1;204;30,00;1267,74
8;1;380580;19/12/2014;21/12/2015;1;558;0,00;422,58
8;1;380580;19/12/2014;21/12/2015;1;2000;9,00;152,12
8;1;380580;19/12/2015;27/02/2017;1;204;30,00;1406,53
8;1;380580;19/12/2015;27/02/2017;1;558;0,00;468,84
8;1;380580;19/12/2015;27/02/2017;1;2000;9,00;168,78
8;1;380580;19/12/2016;19/12/2017;1;204;30,00;1494,46
8;1;380580;19/12/2016;19/12/2017;1;558;0,00;498,15
8;1;380580;19/12/2016;19/12/2017;1;2000;9,00;179,33
8;1;380580;19/12/2017;11/03/2019;1;204;30,00;1570,22
8;1;380580;19/12/2017;11/03/2019;1;558;0,00;523,41
8;1;380580;19/12/2017;11/03/2019;1;2002;9,00;188,42
8;1;380580;19/12/2018;06/01/2020;1;204;30,00;1655,78
8;1;380580;19/12/2018;06/01/2020;1;558;0,00;551,93
8;1;380580;19/12/2018;06/01/2020;1;2002;9,00;198,69
282;1;381541;13/12/2011;04/03/2013;1;204;30,00;766,12
282;1;381541;13/12/2011;04/03/2013;1;558;0,00;255,37
282;1;381541;13/12/2011;04/03/2013;1;2000;8,00;81,71
6;1;381701;01/03/2012;20/05/2013;1;204;30,00;865,80
6;1;381701;01/03/2012;20/05/2013;1;558;0,00;288,60
6;1;381701;01/03/2012;20/05/2013;1;2000;8,00;92,35
6;1;381701;01/03/2013;21/07/2014;1;204;30,00;993,77
6;1;381701;01/03/2013;21/07/2014;1;558;0,00;331,26
6;1;381701;01/03/2013;21/07/2014;1;2000;9,00;119,25
6;1;381701;01/03/2014;03/08/2015;1;204;30,00;1076,02
6;1;381701;01/03/2014;03/08/2015;1;558;0,00;358,67
6;1;381701;01/03/2014;03/08/2015;1;2000;9,00;129,12
6;1;381701;01/03/2015;02/03/2016;1;204;30,00;1068,02
6;1;381701;01/03/2015;02/03/2016;1;558;0,00;356,01
6;1;381701;01/03/2015;02/03/2016;1;2000;8,00;113,92
6;1;381701;01/03/2016;07/08/2017;1;204;30,00;1296,24
6;1;381701;01/03/2016;07/08/2017;1;558;0,00;432,08
6;1;381701;01/03/2016;07/08/2017;1;2000;9,00;155,54
6;1;381701;01/03/2017;16/07/2018;1;204;30,00;1341,47
6;1;381701;01/03/2017;16/07/2018;1;558;0,00;447,16
6;1;381701;01/03/2017;16/07/2018;1;2002;9,00;160,97
6;1;381701;01/03/2018;15/07/2019;1;204;30,00;1538,99
6;1;381701;01/03/2018;15/07/2019;1;558;0,00;513,00
6;1;381701;01/03/2018;15/07/2019;1;2002;9,00;184,67
6;1;381701;01/03/2019;06/04/2020;1;204;15,00;795,15
6;1;381701;01/03/2019;06/04/2020;1;2002;7,50;59,63
6;1;381701;01/03/2019;04/01/2021;1;204;15,00;796,44
6;1;381701;01/03/2019;04/01/2021;1;558;0,00;265,48
6;1;381701;01/03/2019;04/01/2021;1;2002;7,52;79,89
6;1;381701;01/03/2020;20/12/2021;1;204;30,00;1703,62
6;1;381701;01/03/2020;20/12/2021;1;558;0,00;567,87
6;1;381701;01/03/2020;20/12/2021;1;2002;8,36;189,97
6;1;381701;01/03/2021;01/08/2022;1;204;30,00;1958,62
6;1;381701;01/03/2021;01/08/2022;1;558;0,00;652,87
6;1;381701;01/03/2021;01/08/2022;1;2002;8,52;222,37
6;1;381701;01/03/2021;01/08/2022;1;2014;7,50;22,16
4;1;382976;22/04/2013;01/12/2014;1;204;30,00;1005,67
4;1;382976;22/04/2013;01/12/2014;1;558;0,00;335,22
4;1;382976;22/04/2013;01/12/2014;1;2000;9,00;120,68
4;1;382976;22/04/2014;19/10/2015;1;204;30,00;1197,96
4;1;382976;22/04/2014;19/10/2015;1;558;0,00;399,32
4;1;382976;22/04/2014;19/10/2015;1;2000;9,00;143,75
4;1;382976;22/04/2015;19/09/2016;1;204;30,00;1299,40
4;1;382976;22/04/2015;19/09/2016;1;558;0,00;433,13
4;1;382976;22/04/2015;19/09/2016;1;2000;9,00;155,92
4;1;382976;22/04/2016;29/05/2017;1;204;30,00;1416,26
4;1;382976;22/04/2016;29/05/2017;1;558;0,00;472,09
4;1;382976;22/04/2016;29/05/2017;1;2000;9,00;169,95
4;1;382976;22/04/2017;17/09/2018;1;204;30,00;1495,63
4;1;382976;22/04/2017;17/09/2018;1;558;0,00;498,54
4;1;382976;22/04/2017;17/09/2018;1;2002;9,00;179,47
4;1;382976;22/04/2018;16/09/2019;1;204;30,00;1564,65
4;1;382976;22/04/2018;16/09/2019;1;558;0,00;521,55
4;1;382976;22/04/2018;16/09/2019;1;2002;9,00;187,75
4;1;382976;22/04/2019;20/07/2020;1;204;10,00;600,75
4;1;382976;22/04/2019;20/07/2020;1;558;0,00;200,25
4;1;382976;22/04/2019;20/07/2020;1;2002;7,50;60,07
1629;1;383056;03/05/2013;22/12/2014;1;204;20,00;1341,30
1629;1;383056;03/05/2013;22/12/2014;1;558;0,00;447,10
1629;1;383056;03/05/2013;22/12/2014;1;600;10,00;670,65
1629;1;383056;03/05/2013;22/12/2014;1;615;0,00;223,55
1629;1;383056;03/05/2013;22/12/2014;1;2000;9,00;160,95
1629;1;383056;03/05/2014;21/12/2015;1;204;20,00;1448,60
1629;1;383056;03/05/2014;21/12/2015;1;558;0,00;482,87
1629;1;383056;03/05/2014;21/12/2015;1;600;10,00;724,30
1629;1;383056;03/05/2014;21/12/2015;1;615;0,00;241,43
1629;1;383056;03/05/2014;21/12/2015;1;2000;9,00;173,83
1629;1;383056;03/05/2015;11/04/2017;1;204;20,00;1729,80
1629;1;383056;03/05/2015;11/04/2017;1;558;0,00;576,60
1629;1;383056;03/05/2015;11/04/2017;1;600;10,00;864,90
1629;1;383056;03/05/2015;11/04/2017;1;615;0,00;288,30
1629;1;383056;03/05/2015;11/04/2017;1;2000;9,00;207,57
1629;1;383056;03/05/2016;02/01/2018;1;204;20,00;1674,00
1629;1;383056;03/05/2016;02/01/2018;1;558;0,00;558,00
1629;1;383056;03/05/2016;02/01/2018;1;600;10,00;837,00
1629;1;383056;03/05/2016;02/01/2018;1;615;0,00;279,00
1629;1;383056;03/05/2016;02/01/2018;1;2000;9,00;200,88
6;1;384172;16/04/2014;21/12/2015;1;204;30,00;1132,14
6;1;384172;16/04/2014;21/12/2015;1;558;0,00;377,38
6;1;384172;16/04/2014;21/12/2015;1;2000;9,00;135,85
6;1;384172;16/04/2015;19/12/2016;1;204;30,00;1435,02
6;1;384172;16/04/2015;19/12/2016;1;558;0,00;478,34
6;1;384172;16/04/2015;19/12/2016;1;2000;9,00;172,20
6;1;384172;16/04/2016;26/12/2017;1;204;30,00;1536,39
6;1;384172;16/04/2016;26/12/2017;1;558;0,00;512,13
6;1;384172;16/04/2016;26/12/2017;1;2000;9,00;184,36
6;1;384172;16/04/2017;07/01/2019;1;204;30,00;1621,40
6;1;384172;16/04/2017;07/01/2019;1;558;0,00;540,47
6;1;384172;16/04/2017;07/01/2019;1;2002;9,00;194,56
6;1;384172;16/04/2018;02/12/2019;1;204;30,00;1713,47
6;1;384172;16/04/2018;02/12/2019;1;558;0,00;571,16
6;1;384172;16/04/2018;02/12/2019;1;2002;9,00;205,61
6;1;384172;16/04/2018;02/12/2019;1;2014;7,50;13,13
6;1;384172;16/04/2019;06/04/2020;1;204;15,00;885,00
6;1;384172;16/04/2019;06/04/2020;1;2002;7,50;66,37
6;1;384172;16/04/2019;19/10/2020;1;204;15,00;860,25
6;1;384172;16/04/2019;19/10/2020;1;558;0,00;286,75
6;1;384172;16/04/2019;19/10/2020;1;2002;7,63;87,55
282;1;385066;05/01/2015;21/07/2016;1;204;30,00;1352,26
282;1;385066;05/01/2015;21/07/2016;1;558;0,00;450,75
282;1;385066;05/01/2015;21/07/2016;1;2000;9,00;162,27
282;1;385066;05/01/2016;06/01/2017;1;204;20,00;945,94
282;1;385066;05/01/2016;06/01/2017;1;558;0,00;315,31
282;1;385066;05/01/2016;06/01/2017;1;600;10,00;472,97
282;1;385066;05/01/2016;06/01/2017;1;615;0,00;157,66
282;1;385066;05/01/2016;06/01/2017;1;2000;8,00;100,90
282;1;385066;05/01/2017;04/06/2018;1;204;30,00;1620,35
282;1;385066;05/01/2017;04/06/2018;1;558;0,00;540,12
282;1;385066;05/01/2017;04/06/2018;1;2002;9,00;194,44
282;1;385066;05/01/2018;07/01/2019;1;204;30,00;1624,30
282;1;385066;05/01/2018;07/01/2019;1;558;0,00;541,43
282;1;385066;05/01/2018;07/01/2019;1;2002;9,00;194,91
282;1;385066;05/01/2019;06/04/2020;1;204;15,00;846,97
282;1;385066;05/01/2019;06/04/2020;1;2002;7,50;63,52
282;1;385066;05/01/2019;15/06/2020;1;204;15,00;846,97
282;1;385066;05/01/2019;15/06/2020;1;558;0,00;282,32
282;1;385066;05/01/2019;15/06/2020;1;2002;7,61;85,95
282;1;385066;05/01/2020;28/06/2021;1;204;30,00;1701,52
282;1;385066;05/01/2020;28/06/2021;1;558;0,00;567,17
282;1;385066;05/01/2020;28/06/2021;1;2002;8,36;189,63
282;1;385066;05/01/2020;28/06/2021;1;2014;7,50;13,13
282;1;385066;05/01/2021;07/02/2022;1;204;30,00;1948,16
282;1;385066;05/01/2021;07/02/2022;1;558;0,00;649,39
282;1;385066;05/01/2021;07/02/2022;1;2002;8,50;220,70
282;1;385066;05/01/2021;07/02/2022;1;2014;7,50;35,46
282;1;385066;05/01/2022;17/07/2023;1;204;30,00;2358,22
282;1;385066;05/01/2022;17/07/2023;1;558;0,00;786,07
282;1;385066;05/01/2022;17/07/2023;1;2002;8,92;280,37
282;1;385066;05/01/2022;17/07/2023;1;2014;7,50;37,82
8;1;385172;06/02/2015;06/07/2016;1;204;30,00;1190,87
8;1;385172;06/02/2015;06/07/2016;1;558;0,00;396,96
8;1;385172;06/02/2015;06/07/2016;1;2000;9,00;142,90
8;1;385172;06/02/2016;03/07/2017;1;204;30,00;1268,42
8;1;385172;06/02/2016;03/07/2017;1;558;0,00;422,81
8;1;385172;06/02/2016;03/07/2017;1;2000;9,00;152,21
8;1;385172;06/02/2017;01/08/2018;1;204;30,00;1345,36
8;1;385172;06/02/2017;01/08/2018;1;558;0,00;448,45
8;1;385172;06/02/2017;01/08/2018;1;2002;9,00;161,44
8;1;385172;06/02/2018;06/03/2019;1;204;30,00;1325,04
8;1;385172;06/02/2018;06/03/2019;1;558;0,00;441,68
8;1;385172;06/02/2018;06/03/2019;1;2002;9,00;159,00
8;1;385172;06/02/2019;02/03/2020;1;204;30,00;1628,24
8;1;385172;06/02/2019;02/03/2020;1;558;0,00;542,75
8;1;385172;06/02/2019;02/03/2020;1;2002;9,00;195,38
4;1;385761;10/12/2015;15/05/2017;1;204;30,00;1269,60
4;1;385761;10/12/2015;15/05/2017;1;558;0,00;423,20
4;1;385761;10/12/2015;15/05/2017;1;2000;9,00;152,35
4;1;385761;10/12/2016;14/05/2018;1;204;30,00;1318,94
4;1;385761;10/12/2016;14/05/2018;1;558;0,00;439,65
4;1;385761;10/12/2016;14/05/2018;1;2002;9,00;158,27
4;1;385761;10/12/2017;07/01/2019;1;204;30,00;1406,87
4;1;385761;10/12/2017;07/01/2019;1;558;0,00;468,96
4;1;385761;10/12/2017;07/01/2019;1;2002;9,00;168,82
4;1;385761;10/12/2018;16/12/2019;1;204;30,00;2545,30
4;1;385761;10/12/2018;16/12/2019;1;558;0,00;848,43
4;1;385761;10/12/2018;16/12/2019;1;2002;11,00;373,31
4;1;385761;10/12/2018;16/12/2019;1;2014;7,50;55,29
4;1;385761;10/12/2019;06/04/2020;1;204;15,00;1315,07
4;1;385761;10/12/2019;06/04/2020;1;2002;7,81;102,67
4;1;385761;10/12/2019;18/01/2021;1;204;15,00;1366,40
4;1;385761;10/12/2019;18/01/2021;1;558;0,00;455,47
4;1;385761;10/12/2019;18/01/2021;1;2002;8,14;148,28
4;1;385761;10/12/2020;27/12/2021;1;204;30,00;2901,61
4;1;385761;10/12/2020;27/12/2021;1;558;0,00;967,20
4;1;385761;10/12/2020;27/12/2021;1;2002;10,16;392,91
4;1;385761;10/12/2020;27/12/2021;1;2014;15,00;109,71
4;1;385761;10/12/2021;12/12/2022;1;204;30,00;3191,67
4;1;385761;10/12/2021;12/12/2022;1;558;0,00;1063,89
4;1;385761;10/12/2021;12/12/2022;1;2002;10,15;431,95
4;1;385761;10/12/2021;12/12/2022;1;2014;15,00;161,86
4;1;385761;10/12/2022;15/01/2024;1;204;30,00;3736,83
4;1;385761;10/12/2022;15/01/2024;1;558;0,00;1245,61
4;1;385761;10/12/2022;15/01/2024;1;2002;10,51;523,45
4;1;385761;10/12/2022;15/01/2024;1;2014;22,50;308,89
4;1;385761;10/12/2023;13/01/2025;1;204;30,00;4020,46
4;1;385761;10/12/2023;13/01/2025;1;558;0,00;1340,15
4;1;385761;10/12/2023;13/01/2025;1;2002;10,62;569,30
4;1;385761;10/12/2023;13/01/2025;1;2014;22,50;372,62
4;1;385761;10/12/2024;17/12/2025;1;204;20,00;3394,20
4;1;385761;10/12/2024;17/12/2025;1;558;0,00;1131,40
4;1;385761;10/12/2024;17/12/2025;1;2002;9,79;443,16
4;1;385761;10/12/2024;17/12/2025;1;2014;22,50;200,40
4;1;385761;10/12/2024;09/03/2026;1;204;10,00;1773,46
4;1;385761;10/12/2024;09/03/2026;1;558;0,00;591,15
4;1;385761;10/12/2024;09/03/2026;1;2002;7,97;188,49
282;1;385883;11/02/2016;03/07/2017;1;204;30,00;1253,86
282;1;385883;11/02/2016;03/07/2017;1;558;0,00;417,95
282;1;385883;11/02/2016;03/07/2017;1;2000;9,00;150,46
282;1;385883;11/02/2017;04/09/2018;1;204;30,00;1340,82
282;1;385883;11/02/2017;04/09/2018;1;558;0,00;446,94
282;1;385883;11/02/2017;04/09/2018;1;2002;9,00;160,89
282;1;385883;11/02/2018;06/05/2019;1;204;30,00;1366,20
282;1;385883;11/02/2018;06/05/2019;1;558;0,00;455,40
282;1;385883;11/02/2018;06/05/2019;1;2002;9,00;163,94
282;1;385883;11/02/2019;06/04/2020;1;204;15,00;702,75
282;1;385883;11/02/2019;06/04/2020;1;2002;7,50;52,70
282;1;385883;11/02/2019;21/12/2020;1;204;15,00;703,88
282;1;385883;11/02/2019;21/12/2020;1;558;0,00;234,63
282;1;385883;11/02/2019;21/12/2020;1;2002;7,50;70,38
282;1;385883;11/02/2020;16/11/2021;1;204;30,00;1977,02
282;1;385883;11/02/2020;16/11/2021;1;558;0,00;659,01
282;1;385883;11/02/2020;16/11/2021;1;2002;8,87;233,71
282;1;385883;11/02/2020;16/11/2021;1;2014;7,50;23,15
282;1;385883;11/02/2021;01/12/2022;1;204;30,00;2108,37
282;1;385883;11/02/2021;01/12/2022;1;558;0,00;702,79
282;1;385883;11/02/2021;01/12/2022;1;2002;8,76;246,33
282;1;385883;11/02/2021;01/12/2022;1;2014;7,50;35,34
282;1;385960;21/03/2016;18/12/2017;1;204;30,00;1251,52
282;1;385960;21/03/2016;18/12/2017;1;558;0,00;417,17
282;1;385960;21/03/2016;18/12/2017;1;2000;9,00;150,18
282;1;385960;21/03/2017;10/12/2018;1;204;30,00;1594,65
282;1;385960;21/03/2017;10/12/2018;1;558;0,00;531,55
282;1;385960;21/03/2017;10/12/2018;1;2002;9,00;191,35
282;1;385960;21/03/2018;09/09/2019;1;204;30,00;1727,80
282;1;385960;21/03/2018;09/09/2019;1;558;0,00;575,93
282;1;385960;21/03/2018;09/09/2019;1;2002;9,00;207,33
282;1;385960;21/03/2019;06/04/2020;1;204;15,00;929,44
282;1;385960;21/03/2019;06/04/2020;1;2002;7,50;69,70
282;1;385960;21/03/2019;16/09/2020;1;204;15,00;929,44
282;1;385960;21/03/2019;16/09/2020;1;558;0,00;309,81
282;1;385960;21/03/2019;16/09/2020;1;2002;7,73;95,85
4;1;386218;01/08/2016;18/12/2017;1;204;30,00;3207,35
4;1;386218;01/08/2016;18/12/2017;1;558;0,00;1069,12
4;1;386218;01/08/2016;18/12/2017;1;2000;11,00;470,41
4;1;386218;01/08/2016;18/12/2017;1;2014;15,00;187,67
4;1;386218;01/08/2017;17/12/2018;1;204;30,00;3652,26
4;1;386218;01/08/2017;17/12/2018;1;558;0,00;1217,42
4;1;386218;01/08/2017;17/12/2018;1;2002;11,00;535,66
4;1;386218;01/08/2017;17/12/2018;1;2014;22,50;296,37
4;1;386218;01/08/2018;16/12/2019;1;204;30,00;3816,61
4;1;386218;01/08/2018;16/12/2019;1;558;0,00;1272,20
4;1;386218;01/08/2018;16/12/2019;1;2002;11,00;559,76
4;1;386218;01/08/2018;16/12/2019;1;2014;22,50;340,25
4;1;386218;01/08/2019;06/04/2020;1;204;15,00;1971,92
4;1;386218;01/08/2019;06/04/2020;1;2002;8,20;161,79
4;1;386218;01/08/2019;28/12/2020;1;204;15,00;1975,09
4;1;386218;01/08/2019;28/12/2020;1;558;0,00;658,36
4;1;386218;01/08/2019;28/12/2020;1;2002;9,02;237,64
4;1;386218;01/08/2019;28/12/2020;1;2014;7,50;22,67
4;1;386218;01/08/2020;20/07/2022;1;204;10,00;2105,81
4;1;386218;01/08/2020;20/07/2022;1;558;0,00;701,94
4;1;386218;01/08/2020;20/07/2022;1;2002;8,76;245,92
4;1;386218;01/08/2020;20/07/2022;1;2014;7,50;35,12
4;1;387837;04/06/2018;01/07/2019;1;204;30,00;1376,85
4;1;387837;04/06/2018;01/07/2019;1;558;0,00;458,95
4;1;387837;04/06/2018;01/07/2019;1;2002;9,00;165,22
4;1;387837;04/06/2019;06/04/2020;1;204;10,00;469,73
4;1;387837;04/06/2019;06/04/2020;1;558;0,00;156,58
4;1;387837;04/06/2019;06/04/2020;1;2002;7,50;46,97
4;1;387942;09/07/2018;15/07/2019;1;204;30,00;1363,04
4;1;387942;09/07/2018;15/07/2019;1;558;0,00;454,35
4;1;387942;09/07/2018;15/07/2019;1;2002;9,00;163,56
4;1;387942;09/07/2019;13/07/2020;1;204;10,00;455,88
4;1;387942;09/07/2019;13/07/2020;1;558;0,00;151,96
4;1;387942;09/07/2019;13/07/2020;1;2002;7,50;45,58
4;1;387942;09/07/2019;14/12/2020;1;204;20,00;1012,63
4;1;387942;09/07/2019;14/12/2020;1;558;0,00;337,54
4;1;387942;09/07/2019;14/12/2020;1;2002;7,84;105,83
8;1;388557;06/03/2019;01/06/2020;1;204;30,00;1409,23
8;1;388557;06/03/2019;01/06/2020;1;558;0,00;469,74
8;1;388557;06/03/2019;01/06/2020;1;2002;8,17;153,42
8;1;388562;06/03/2019;06/04/2020;1;204;30,00;1401,64
8;1;388562;06/03/2019;06/04/2020;1;2002;7,88;110,46
282;1;389215;05/10/2019;19/07/2021;1;204;30,00;1635,05
282;1;389215;05/10/2019;19/07/2021;1;558;0,00;545,02
282;1;389215;05/10/2019;19/07/2021;1;2002;8,24;179,70
282;1;389215;05/10/2020;04/07/2022;1;204;30,00;1830,35
282;1;389215;05/10/2020;04/07/2022;1;558;0,00;610,12
282;1;389215;05/10/2020;04/07/2022;1;2002;8,27;201,85
282;1;389215;05/10/2020;04/07/2022;1;2014;7,50;25,10
282;1;389215;05/10/2021;01/08/2023;1;204;30,00;2242,33
282;1;389215;05/10/2021;01/08/2023;1;558;0,00;747,44
282;1;389215;05/10/2021;01/08/2023;1;2002;8,76;261,82
282;1;389215;05/10/2021;01/08/2023;1;2014;7,50;26,23
8;1;389714;09/06/2020;14/06/2021;1;204;30,00;1486,70
8;1;389714;09/06/2020;14/06/2021;1;558;0,00;495,57
8;1;389714;09/06/2020;14/06/2021;1;2002;8,17;161,90
276;1;390016;05/10/2020;11/03/2021;1;204;10,00;391,75
276;1;390016;05/10/2020;11/03/2021;1;558;0,00;130,58
276;1;390016;05/10/2020;11/03/2021;1;2002;7,50;39,17
276;1;390016;05/10/2020;27/12/2021;1;204;20,00;1169,20
276;1;390016;05/10/2020;27/12/2021;1;558;0,00;389,73
276;1;390016;05/10/2020;27/12/2021;1;2002;7,94;123,80
276;1;390016;05/10/2021;02/01/2023;1;204;30,00;1935,01
276;1;390016;05/10/2021;02/01/2023;1;558;0,00;645,00
276;1;390016;05/10/2021;02/01/2023;1;2002;8,47;218,59
276;1;390016;05/10/2021;02/01/2023;1;2014;7,50;20,09
276;1;390016;05/10/2022;17/01/2024;1;204;30,00;2502,12
276;1;390016;05/10/2022;17/01/2024;1;558;0,00;834,04
276;1;390016;05/10/2022;17/01/2024;1;2002;9,09;303,39
276;1;390016;05/10/2022;17/01/2024;1;2014;7,50;52,21
282;1;390051;19/10/2020;24/01/2022;1;204;20,00;1137,65
282;1;390051;19/10/2020;24/01/2022;1;558;0,00;379,22
282;1;390051;19/10/2020;24/01/2022;1;600;10,00;534,47
282;1;390051;19/10/2020;24/01/2022;1;615;0,00;178,16
282;1;390051;19/10/2020;24/01/2022;1;2002;7,91;120,01
282;1;390051;19/10/2021;26/12/2022;1;204;30,00;1822,31
282;1;390051;19/10/2021;26/12/2022;1;558;0,00;607,44
282;1;390051;19/10/2021;26/12/2022;1;2002;8,25;200,56
282;1;390051;19/10/2021;26/12/2022;1;2014;7,50;24,39
282;1;390051;19/10/2022;19/02/2024;1;204;15,00;1398,63
282;1;390051;19/10/2022;19/02/2024;1;558;0,00;466,21
282;1;390051;19/10/2022;19/02/2024;1;2002;7,86;146,65
282;1;390051;19/10/2022;19/08/2024;1;204;15,00;1334,77
282;1;390051;19/10/2022;19/08/2024;1;558;0,00;444,92
282;1;390051;19/10/2022;19/08/2024;1;2002;7,81;138,99
4;1;390205;20/11/2020;31/01/2022;1;204;30,00;1833,50
4;1;390205;20/11/2020;31/01/2022;1;558;0,00;611,17
4;1;390205;20/11/2020;31/01/2022;1;2002;8,62;210,75
4;1;390205;20/11/2020;31/01/2022;1;2014;7,50;10,52
4;1;390205;20/11/2021;10/07/2023;1;204;10,00;668,15
4;1;390205;20/11/2021;10/07/2023;1;558;0,00;222,72
4;1;390205;20/11/2021;10/07/2023;1;2002;7,50;66,81
282;1;390597;27/04/2021;29/08/2022;1;204;30,00;1887,85
282;1;390597;27/04/2021;29/08/2022;1;558;0,00;629,28
282;1;390597;27/04/2021;29/08/2022;1;2002;8,38;211,05
282;1;390597;27/04/2021;29/08/2022;1;2014;7,50;30,16
282;1;390597;27/04/2022;01/08/2023;1;204;30,00;2248,22
282;1;390597;27/04/2022;01/08/2023;1;558;0,00;749,41
282;1;390597;27/04/2022;01/08/2023;1;2002;8,77;262,77
282;1;390597;27/04/2022;01/08/2023;1;2014;7,50;26,82
4;1;390828;21/06/2021;06/02/2023;1;204;30,00;2353,10
4;1;390828;21/06/2021;06/02/2023;1;558;0,00;784,37
4;1;390828;21/06/2021;06/02/2023;1;2002;8,92;279,82
4;1;390828;21/06/2021;06/02/2023;1;2014;15,00;73,85
4;1;390828;21/06/2022;13/05/2024;1;204;30,00;2756,51
4;1;390828;21/06/2022;13/05/2024;1;558;0,00;918,84
4;1;390828;21/06/2022;13/05/2024;1;2002;9,25;339,86
4;1;390828;21/06/2022;13/05/2024;1;2014;15,00;85,14
4;1;390828;21/06/2023;17/02/2025;1;204;30,00;2886,82
4;1;390828;21/06/2023;17/02/2025;1;558;0,00;962,27
4;1;390828;21/06/2023;17/02/2025;1;2002;9,23;355,29
4;1;390828;21/06/2023;17/02/2025;1;2014;15,00;111,20
4;1;390828;21/06/2024;24/11/2025;1;204;20,00;2039,71
4;1;390828;21/06/2024;24/11/2025;1;558;0,00;679,90
4;1;390828;21/06/2024;24/11/2025;1;2002;8,16;221,99
4;1;390828;21/06/2024;23/03/2026;1;204;10,00;1056,97
4;1;390828;21/06/2024;23/03/2026;1;558;0,00;352,32
4;1;390828;21/06/2024;23/03/2026;1;2002;7,50;105,69
282;1;391459;04/11/2021;01/08/2023;1;204;30,00;2125,07
282;1;391459;04/11/2021;01/08/2023;1;558;0,00;708,36
282;1;391459;04/11/2021;01/08/2023;1;2002;8,58;243,06
282;1;391459;04/11/2021;01/08/2023;1;2014;7,50;14,51
4;1;391785;06/01/2022;27/02/2023;1;204;30,00;3202,71
4;1;391785;06/01/2022;27/02/2023;1;558;0,00;1067,57
4;1;391785;06/01/2022;27/02/2023;1;2002;9,93;424,01
4;1;391785;06/01/2022;27/02/2023;1;2014;15,00;193,70
4;1;391785;06/01/2023;29/01/2024;1;204;30,00;3546,25
4;1;391785;06/01/2023;29/01/2024;1;558;0,00;1182,08
4;1;391785;06/01/2023;29/01/2024;1;2002;10,17;480,78
4;1;391785;06/01/2023;29/01/2024;1;2014;22,50;261,31
4;1;391785;06/01/2024;03/03/2025;1;204;10,00;1409,03
4;1;391785;06/01/2024;03/03/2025;1;558;0,00;469,68
4;1;391785;06/01/2024;03/03/2025;1;2002;7,79;146,31
4;1;391785;06/01/2024;29/09/2025;1;204;20,00;2990,50
4;1;391785;06/01/2024;29/09/2025;1;558;0,00;996,83
4;1;391785;06/01/2024;29/09/2025;1;2002;9,33;371,88
4;1;391785;06/01/2024;29/09/2025;1;2014;15,00;112,86
282;1;391797;08/01/2022;01/08/2023;1;204;30,00;2101,01
282;1;391797;08/01/2022;01/08/2023;1;558;0,00;700,34
282;1;391797;08/01/2022;01/08/2023;1;2002;8,54;239,21
282;1;391797;08/01/2022;01/08/2023;1;2014;7,50;12,10
8;1;391954;19/12/2022;22/01/2024;1;204;30,00;3228,14
8;1;391954;19/12/2022;22/01/2024;1;558;0,00;1076,05
8;1;391954;19/12/2022;22/01/2024;1;2002;9,96;428,49
8;1;391954;19/12/2022;22/01/2024;1;2014;22,50;197,91
282;1;392212;27/04/2022;05/06/2023;1;204;30,00;1811,93
282;1;392212;27/04/2022;05/06/2023;1;558;0,00;603,98
282;1;392212;27/04/2022;05/06/2023;1;2002;8,18;197,63
282;1;392212;27/04/2023;02/09/2024;1;204;30,00;2164,63
282;1;392212;27/04/2023;02/09/2024;1;558;0,00;721,54
282;1;392212;27/04/2023;02/09/2024;1;2002;8,49;245,15
282;1;392212;27/04/2024;20/10/2025;1;204;15,00;1260,90
282;1;392212;27/04/2024;20/10/2025;1;558;0,00;420,30
282;1;392212;27/04/2024;20/10/2025;1;2002;7,65;128,53
282;1;392212;27/04/2024;16/03/2026;1;204;15,00;1245,96
282;1;392212;27/04/2024;16/03/2026;1;558;0,00;415,32
282;1;392212;27/04/2024;16/03/2026;1;2002;7,54;125,19
8;1;392628;19/07/2022;05/02/2024;1;204;20,00;1205,97
8;1;392628;19/07/2022;05/02/2024;1;558;0,00;401,99
8;1;392628;19/07/2022;05/02/2024;1;600;10,00;602,98
8;1;392628;19/07/2022;05/02/2024;1;615;0,00;200,99
8;1;392628;19/07/2022;05/02/2024;1;2002;7,68;123,53
8;1;392628;19/07/2023;05/02/2025;1;204;30,00;2290,64
8;1;392628;19/07/2023;05/02/2025;1;558;0,00;763,55
8;1;392628;19/07/2023;05/02/2025;1;2002;8,51;259,90
8;1;392628;19/07/2023;05/02/2025;1;2014;7,50;17,26
8;1;392628;19/07/2024;09/03/2026;1;204;30,00;2310,63
8;1;392628;19/07/2024;09/03/2026;1;558;0,00;770,21
8;1;392628;19/07/2024;09/03/2026;1;2002;8,38;258,28
8;1;392922;19/12/2022;20/12/2023;1;204;30,00;1799,70
8;1;392922;19/12/2022;20/12/2023;1;558;0,00;599,90
8;1;392922;19/12/2022;20/12/2023;1;2002;8,17;196,16
4;1;393398;26/01/2023;19/02/2024;1;204;20,00;4273,53
4;1;393398;26/01/2023;19/02/2024;1;558;0,00;1424,51
4;1;393398;26/01/2023;19/02/2024;1;2002;10,82;616,54
4;1;393398;26/01/2023;19/02/2024;1;2014;27,50;501,41
4;1;393398;26/01/2023;08/07/2024;1;204;10,00;2161,61
4;1;393398;26/01/2023;08/07/2024;1;558;0,00;720,54
4;1;393398;26/01/2023;08/07/2024;1;2002;8,49;244,67
4;1;393398;26/01/2024;27/01/2025;1;204;15,00;3474,02
4;1;393398;26/01/2024;27/01/2025;1;558;0,00;1158,01
4;1;393398;26/01/2024;27/01/2025;1;2002;9,89;458,06
4;1;393398;26/01/2024;27/01/2025;1;2014;22,50;252,36
4;1;393398;26/01/2024;01/07/2025;1;204;15,00;3404,54
4;1;393398;26/01/2024;01/07/2025;1;558;0,00;1134,85
4;1;393398;26/01/2024;01/07/2025;1;2002;9,81;445,09
4;1;393398;26/01/2024;01/07/2025;1;2014;22,50;209,25
4;1;393398;26/01/2025;22/12/2025;1;204;10,00;2566,13
4;1;393398;26/01/2025;22/12/2025;1;558;0,00;855,38
4;1;393398;26/01/2025;22/12/2025;1;2002;8,88;303,98
4;1;393398;26/01/2025;22/12/2025;1;2014;7,50;28,91
282;1;393642;03/04/2023;03/04/2024;1;204;10,00;1345,92
282;1;393642;03/04/2023;03/04/2024;1;558;0,00;448,64
282;1;393642;03/04/2023;03/04/2024;1;2002;7,82;140,33
282;1;393642;03/04/2023;16/09/2024;1;204;20,00;2670,09
282;1;393642;03/04/2023;16/09/2024;1;558;0,00;890,03
282;1;393642;03/04/2023;16/09/2024;1;2002;9,16;326,03
282;1;393642;03/04/2023;16/09/2024;1;2014;15,00;67,86
282;1;393642;03/04/2024;22/04/2025;1;204;20,00;2774,49
282;1;393642;03/04/2024;22/04/2025;1;558;0,00;924,83
282;1;393642;03/04/2024;22/04/2025;1;600;10,00;1412,30
282;1;393642;03/04/2024;22/04/2025;1;615;0,00;470,77
282;1;393642;03/04/2024;22/04/2025;1;2002;9,12;337,32
282;1;393642;03/04/2024;22/04/2025;1;2014;15,00;88,74
282;1;393642;03/04/2025;22/04/2026;1;204;15,00;2554,82
282;1;393642;03/04/2025;22/04/2026;1;558;0,00;851,61
282;1;393642;03/04/2025;22/04/2026;1;2002;8,73;297,35
