codigo_empresa;codigo_filial;razao_social;nome_filial;endereco_filial;complemento_endereco;numero_endereco;nome_bairro;estado;codigo_cidade;codigo_ddi_telefone;codigo_ddd_telefone;numero_telefone;tipo_filial;tipo_inscricao;numero_inscricao;codigo_cei;inscricao_estadual;inscricao_municipal;cnae_fiscal;codigo_nac_atv_economica;inscricao_cno;inscricao_caepf;cnae_fiscal_preponderante;tipo_caepf;tipo_logradouro;codigo_cep_filial
280;001;;PASSO FUNDO;PRESIDENTE VARGAS;;3232;10;RS;4314100;0;0;;F;1;05342961000106;;;;6462000;6462;;0;6462000;;AV;99064000
002;001;;PASSO FUNDO;VALENTIN GRAZZIOTIN;;77;10;RS;4314100;0;0;;F;1;87607263000141;;;;6462000;6462;;0;6462000;;R;99060030
282;001;;PASSO FUNDO;VALENTIN GRAZZIOTIN;;77;10;RS;4314100;0;0;;F;1;06339468000191;;;;6436100;6436;;0;6436100;;R;99060030
276;001;;PASSO FUNDO;VALENTIN GRAZZIOTIN;;77;10;RS;4314100;0;0;;F;1;06018086000166;;;;6810202;7020;;0;6810202;;R;99060030
006;001;;PASSO FUNDO;VALENTIN GRAZZIOTIN;;77;10;RS;4314100;0;0;;F;1;92007459000135;;;;0115600;5249;;0;0115600;;R;99060030
004;001;;PASSO FUNDO;PRESIDENTE VARGAS;;3232;10;RS;4314100;0;0;;F;1;87793089000179;;;;4642701;4642;;0;4642701;;AV;99064000
008;001;;PASSO FUNDO;VALENTIN GRAZZIOTIN;Matriz;77;10;RS;4314100;0;0;;F;1;92012467000170;;;;4781400;5232;;0;4781400;;R;99060030
004;002;;GRZ ITAJAI;RUA SAMUEL HEUSI;SALA 411;463;1864;SC;4208203;0;0;;F;1;87793089000250;;;;4642701;4642;;0;4642701;;R;88301320
128;002;;GRZ PIRATINI;CERRO ALEGRE;;01;6541;RS;4314605;0;0;;F;1;24644903000254;;;;0210103;210;;0;0210103;;EST;96490000
276;002;;GRZ PORTO ALEGRE;RUA VOLUNTARIOS DA PATRIA;;294;52;RS;4314902;0;0;;F;1;06018086000247;;;;6810202;7020;;0;6810202;;R;90030001
008;002;;GRZ CACHOEIRINHA;FLORES DA CUNHA;;984;390;RS;4303103;0;0;;F;1;92012467000250;;;;4781400;5232;;0;4781400;;AV;94910001
008;003;;FRG SAO GABRIEL;RUA DUQUE DE CAXIAS;;442;160;RS;4318309;0;0;;F;1;92012467000331;;;;4781400;5232;;0;4781400;;R;97300000
008;004;;GRZ ERECHIM;MAURICIO CARDOSO;;105;181;RS;4307005;0;0;;F;1;92012467000412;;;;4781400;5232;;0;4781400;;AV;99700426
008;005;;GRZ CARAZINHO;FLORES DA CUNHA;;2299;63;RS;4304705;0;0;;F;1;92012467000501;;;;4781400;5232;;0;4781400;;AV;99500000
008;006;;IJUI;ERNESTO ALVES;SALA 01;138;250;RS;4310207;0;0;;F;1;92012467000684;;;;4781400;5232;;0;4781400;;R;98700000
008;007;;GRZ CRUZ ALTA;VENANCIO AIRES;;1301;135;RS;4306106;0;0;;F;1;92012467000765;;;;4781400;5232;;0;4781400;;R;98005096
008;008;;TOT PALMEIRA DAS MISSOES;INDEPENDENCIA;SALA 02;1040;130;RS;4313706;0;0;;F;1;92012467000846;;;;4759899;4781;;0;4759899;;AV;98300000
008;009;;GRZ IJUI;ERNESTO ALVES;;173;250;RS;4310207;0;0;;F;1;92012467000927;;;;4781400;5232;;0;4781400;;R;98700000
008;010;;SANTO ANGELO;MARECHAL FLORIANO;;1494;176;RS;4317509;0;0;;F;1;92012467001060;;;;4781400;5232;;0;4781400;;R;98804340
008;011;;PRM TUPANCIRETA;RUA VAZ FERREIRA;;776;3347;RS;4322202;0;0;;F;1;92012467001141;;;;4781400;5232;;0;4781400;;R;98170000
008;012;;SANTA MARIA;AVENIDA FERNANDO FERRARI;;1483;18;RS;4316907;0;0;;F;1;92012467001222;;;;4781400;5232;;0;4781400;;R;97050801
008;013;;PASSO FUNDO;VALENTIN GRAZZIOTIN;;177;10;RS;4314100;0;0;;F;1;92012467001303;;;;4781400;5232;;0;4781400;;R;99060030
008;014;;GRZ SANTA ROSA;RIO BRANCO;;420;192;RS;4317202;0;0;;F;1;92012467001494;;;;4781400;5232;;0;4781400;;AV;98780100
008;015;;GRZ SANTO ANGELO;MARECHAL FLORIANO N;;1387;176;RS;4317509;0;0;;F;1;92012467001575;;;;4781400;5232;;0;4781400;;R;98801650
008;016;;PRM ARROIO GRANDE;VISCONDE DE MAUA;;180;2819;RS;4301305;0;0;;F;1;92012467001656;;;;4781400;5232;;0;4781400;;R;96330000
008;018;;TOT ERECHIM;RUA BAHIA;;58;181;RS;4307005;0;0;;F;1;92012467001818;;;;4781400;5232;;0;4781400;;R;99700000
008;019;;GRZ CACHOEIRA DO SUL;JULIO DE CASTILHOS;;527;89;RS;4303004;0;0;;F;1;92012467001907;;;;4781400;5232;;0;4781400;;R;96501001
008;020;;PRM FREDERICO WESTPHALEN;PIRACICABA;;;4219;RS;4308508;0;0;;F;1;92012467002032;;;;4781400;5232;;0;4781400;;R;98400000
008;021;;SAO GABRIEL;CORONEL SEZEFREDO;;801;160;RS;4318309;0;0;;F;1;92012467002113;;;;4781400;5232;;0;4781400;;R;97300000
008;022;;GRZ CANOAS;QUINZE DE JANEIRO;loja 111;481;294;RS;4304606;0;0;;F;1;92012467002202;;;;4781400;5232;;0;4781400;;R;92010300
008;023;;PRM SAO FRANCISCO DE ASSIS;SILVA JARDIM;;1499;3083;RS;4318101;0;0;;F;1;92012467002385;;;;4781400;5232;;0;4781400;;R;97610000
008;024;;PRM TRES PASSOS;BENTO GONCALVES;;411;237;RS;4321907;0;0;;F;1;92012467002466;;;;4781400;5232;;0;4781400;;R;98600000
008;025;;GRZ SANTA MARIA;DO ACAMPAMENTO;;224;18;RS;4316907;0;0;;F;1;92012467002547;;;;4781400;5232;;0;4781400;;R;97050000
008;027;;PASSO FUNDO;RUA BENTO GONCALVES;;708;2;RS;4314100;0;0;;F;1;92012467002709;;;;4781400;5232;;0;4781400;;R;99010012
008;028;;PRM NOVA PRATA;BORGES DE MEDEIROS;;1100;2233;RS;4313300;0;0;;F;1;92012467002890;;;;4781400;5232;;0;4781400;;AV;95320000
008;029;;CHAPECO;RUA JOAO MARTINS;-D;681;4064;SC;4204202;0;0;;F;1;92012467002970;;;;4781400;5232;;0;4781400;;R;89803040
008;032;;PRM GUAPORE;JULIO CAMPOS;;01;3336;RS;4309407;0;0;;F;1;92012467003276;;;;4781400;5232;;0;4781400;;R;99200000
008;033;;TOT SANTO ANGELO;MARECHAL FLORIANO;SALA 01;1387;176;RS;4317509;0;0;;F;1;92012467003357;;;;4759899;5232;;0;4759899;;R;98801650
008;034;;GRZ BAGE;SETE DE SETEMBRO;;879;256;RS;4301602;0;0;;F;1;92012467003438;;;;4781400;5232;;0;4781400;;AV;96400006
008;037;;GRZ SAO BORJA;GENERAL MARQUES;SALA 101;969;165;RS;4318002;0;0;;F;1;92012467003780;;;;4781400;5232;;0;4781400;;R;97670000
008;038;;TOT BAGE;BENTO GONCALVES;D;361;256;RS;4301602;0;0;;F;1;92012467003861;;;;4759899;5232;;0;4759899;;R;96400201
008;039;;TOT SANTA MARIA;NOSSA SENHORA DAS DORES;;847;18;RS;4316907;0;0;;F;1;92012467003942;;;;4781400;5232;;0;4781400;;AV;97050530
008;040;;PRM PELOTAS;07 DE SETEMBRO;;263;330;RS;4314407;0;0;;F;1;92012467004086;;;;4781400;5232;;0;4781400;;R;96015300
008;041;;GRZ ESTEIO;PRESIDENTE VARGAS;sala 102;1698;189;RS;4307708;0;0;;F;1;92012467004167;;;;4781400;5232;;0;4781400;;AV;93260048
008;042;;PRM SANTANA DO LIVRAMENTO;VASCO ALVES;;923;147;RS;4317103;0;0;;F;1;92012467004248;;;;4781400;5232;;0;4781400;;R;97573550
008;043;;PRM SANTO AUGUSTO;DO COMERCIO;;846;3457;RS;4317806;0;0;;F;1;92012467004329;;;;4781400;5232;;0;4781400;;AV;98590000
008;044;;GRZ PASSO FUNDO;PRESIDENTE VARGAS;;20;2;RS;4314100;0;0;;F;1;92012467004400;;;;4781400;5232;;0;4781400;;AV;99070000
008;045;;TAQUARA;RUA RIO BRANCO;;1213;3686;RS;4321204;0;0;;F;1;92012467004590;;;;4781400;5232;;0;4781400;;R;95600000
008;046;;GRZ RIO GRANDE;GENERAL BACELAR;;265;1090;RS;4315602;0;0;;F;1;92012467004671;;;;4781400;5232;;0;4781400;;R;96200370
008;047;;GRZ LAGES;CORREA PINTO;;180;491;SC;4209300;0;0;;F;1;92012467004752;;;;4781400;5232;;0;4781400;;R;88502200
008;048;;IJUI;RUA;DE MAIO, 439;13;250;RS;4310207;0;0;;F;1;92012467004833;;;;4781400;5232;;0;4781400;;R;98700000
008;049;;CAMPO MOURAO;AV MANOEL MENDES DE CAMARGO;;1555;3326;PR;4104303;0;0;;F;1;92012467004914;;;;4781400;5232;;0;4781400;;R;87303000
008;050;;TOT SANTA ROSA;JULIO RAUBER;;127;192;RS;4317202;0;0;;F;1;92012467005058;;;;4759899;5232;;0;4759899;;R;98780331
008;051;;PRM GIRUA;FRANCISCO LEOPOLDO UHRY;;230;2276;RS;4309001;0;0;;F;1;92012467005139;;;;4781400;5232;;0;4781400;;R;98870000
008;052;;GRZ PATO BRANCO;TUPI;;2605;141;PR;4118501;0;0;;F;1;92012467005210;;;;4781400;5232;;0;4781400;;AV;85501268
008;053;;PRM PASSO FUNDO;PRESIDENTE VARGAS;;1959;10;RS;4314100;0;0;;F;1;92012467005309;;;;4781400;5232;;0;4781400;;AV;99070000
008;054;;PRM IBIRUBA;AVENIDA SETE DE SETEMBRO;;1223;2936;RS;4310009;0;0;;F;1;92012467005481;;;;4781400;5232;;0;4781400;;R;98200000
008;055;;TOT CRUZ ALTA;GENERAL CAMARA;;1100;135;RS;4306106;0;0;;F;1;92012467005562;;;;4759899;5232;;0;4759899;;AV;98005112
008;056;;LAJEADO;AV.SENADOR ALBERTO PASQUALINI;;1230;1123;RS;4311403;0;0;;F;1;92012467005643;;;;4781400;5232;;0;4781400;;R;95900000
008;057;;TOT CARAZINHO;POLIDORO ALBUQUERQUE;;55;63;RS;4304705;0;0;;F;1;92012467005724;;;;4759899;5232;;0;4759899;;R;99500000
008;058;;TOT LAGES;MARECHAL FLORIANO;;373;491;SC;4209300;0;0;;F;1;92012467005805;;;;4759899;5232;;0;4759899;;AV;88501103
008;059;;TOT CACHOEIRA DO SUL;JULIO DE CASTILHOS;SALA 01;520;89;RS;4303004;0;0;;F;1;92012467005996;;;;4759899;5232;;0;4759899;;AV;96501000
008;061;;GRZ BENTO GONCALVES;MARECHAL DEODORO;;127;36;RS;4302105;0;0;;F;1;92012467006100;;;;4781400;5232;;0;4781400;;R;95700160
008;063;;GRZ SAO JOSE;RUA GERONCIO THIVES;SALA 01 201;1079;2738;SC;4216602;0;0;;F;1;92012467006372;;;;4781400;5232;;0;4781400;;R;88117200
008;064;;PRM CANGUCU;OSVALDO ARANHA;;172;3531;RS;4304507;0;0;;F;1;92012467006453;;;;4781400;5232;;0;4781400;;R;96600000
008;065;;PRM PAROBE;CORONEL JOAO CORREA;;127;2794;RS;4314050;0;0;;F;1;92012467006534;;;;4781400;5232;;0;4781400;;R;95630000
008;066;;TOT CONCORDIA;ORESTES FARINA;;205;267;SC;4204301;0;0;;F;1;92012467006615;;;;4759899;5232;;0;4759899;;R;89700071
008;067;;CACHOEIRINHA;AV.GENERAL FLORES DA CUNHA;;266;390;RS;4303103;0;0;;F;1;92012467006704;;;;4781400;5232;;0;4781400;;R;94910000
008;068;;TOT FREDERICO WESTPHALEN;LUIZ MILANI;SL COMER 02;650;4219;RS;4308508;0;0;;F;1;92012467006887;;;;4759899;5232;;0;4759899;;AV;98400000
008;069;;PATO BRANCO;AV.BRASIL;;45;141;PR;4118501;0;0;;F;1;92012467006968;;;;4781400;5232;;0;4781400;;R;85501000
008;070;;CURITIBA;RUA JOSE LOUREIRO;;603;1611;PR;4106902;0;0;;F;1;92012467007000;;;;4781400;5232;;0;4781400;;R;90010010
008;071;;GRZ PORTO ALEGRE;RUA VOLUNTARIOS DA PATRIA;E 310;294;52;RS;4314902;0;0;;F;1;92012467007182;;;;4781400;5232;;0;4781400;;R;90030001
008;072;;NOVO HAMBURGO;AV PEDRO ADAMS FILHO;;5495;857;RS;4313409;0;0;;F;1;92012467007263;;;;4781400;5232;;0;4781400;;R;93310560
008;073;;PRM TRES COROAS;MUNDO NOVO;;184;3557;RS;4321709;0;0;;F;1;92012467007344;;;;4781400;5232;;0;4781400;;AV;95660000
008;074;;PRM FRAIBURGO;PADRE BIAGGIO SIMONETTI;;142;2538;SC;4205506;0;0;;F;1;92012467007425;;;;4781400;5232;;0;4781400;;R;89580000
008;075;;PRM DOIS VIZINHOS;PRUDENTE DE MORAIS;;528;4065;PR;4107207;0;0;;F;1;92012467007506;;;;4781400;5232;;0;4781400;;R;85660000
008;076;;SAO MIGUEL DO OESTE;RUA SANTOS DUMOND;ESQ.ALM.BAR;733;1730;SC;4217204;0;0;;F;1;92012467007697;;;;4781400;5232;;0;4781400;;R;89900000
008;079;;TOT FRANCISCO BELTRAO;PONTA GROSSA;;1965;388;PR;4108403;0;0;;F;1;92012467007930;;;;4759899;5232;;0;4759899;;R;85601600
008;080;;PRM QUARAI;SETE DE SETEMBRO;;930;2832;RS;4315305;0;0;;F;1;92012467008073;;;;4781400;5232;;0;4781400;;AV;97560000
008;081;;ESTEIO;AV.PRESIDENTE VARGAS;;760;189;RS;4307708;0;0;;F;1;92012467008154;;;;4781400;5232;;0;4781400;;R;93260004
008;082;;PRM TRIUNFO;LUIZ BARRETO;SALA 02;471;3313;RS;4322004;0;0;;F;1;92012467008235;;;;4781400;5232;;0;4781400;;R;95840000
008;083;;TOT SANTA MARIA;NOSSA SRA DE MEDIANEIRA;;1055;18;RS;4316907;0;0;;F;1;92012467008316;;;;4759899;5232;;0;4759899;;AV;97060003
008;084;;TOT BENTO GONCALVES;BARAO DO RIO BRANCO;SALA 2;402;36;RS;4302105;0;0;;F;1;92012467008405;;;;4759899;5232;;0;4759899;;R;95700168
008;085;;TRES DE MAIO;RUA PADRE CACIQUE;;1101;754;RS;4321808;0;0;;F;1;92012467008588;;;;4781400;5232;;0;4781400;;R;98910000
008;086;;TOT PELOTAS;PRACA 20 DE SETEMBRO;;482;330;RS;4314407;0;0;;F;1;92012467008669;;;;4781400;5232;;0;4781400;;PC;96015360
008;087;;TOT ALEGRETE;RUA BARAO DO AMAZONAS;;462;317;RS;4300406;0;0;;F;1;92012467008740;;;;4759899;5232;;0;4759899;;R;97542100
008;088;;TOT XANXERE;CORONEL PASSOS MAIA;SALA 01;530;525;SC;4219507;0;0;;F;1;92012467008820;;;;4759899;5232;;0;4759899;;R;89820000
008;089;;TOT SANTANA DO LIVRAMENTO;HUGOLINO ANDRADE;;279;147;RS;4317103;0;0;;F;1;92012467008901;;;;4759899;5232;;0;4759899;;R;97573577
008;092;;TOT VACARIA;JULIO DE CASTILHOS;;1176;70;RS;4322509;0;0;;F;1;92012467009207;;;;4759899;5232;;0;4759899;;AV;95200040
008;093;;GRZ SAO LEOPOLDO;INDEPENDENCIA;;905;117;RS;4318705;0;0;;F;1;92012467009398;;;;4781400;5232;;0;4781400;;AV;93010003
008;094;;TOT SAO BORJA;EDDIE FREIRE NUNES;;1999;165;RS;4318002;0;0;;F;1;92012467009479;;;;4759899;5232;;0;4759899;;R;97670000
008;095;;PRM SAO BORJA;GENERAL MARQUES;;850;165;RS;4318002;0;0;;F;1;92012467009550;;;;4781400;5232;;0;4781400;;R;97670000
008;096;;PRM SANTA CRUZ DO SUL;VINTE E OITO DE SETEMBRO;;396;126;RS;4316808;0;0;;F;1;92012467009630;;;;4781400;5232;;0;4781400;;R;96810042
008;097;;TOT PASSO FUNDO;GENERAL CANABARRO;;718;2;RS;4314100;0;0;;F;1;92012467009711;;;;4759899;5232;;0;4759899;;R;99010190
008;099;;TOT LAGES;LUIZ DE CAMOES;;683;338;SC;4209300;0;0;;F;1;92012467009983;;;;4759899;5232;;0;4759899;;AV;88523000
008;100;;GRZ URUGUAIANA;DOMINGOS DE ALMEIDA;PREDIO;1932;262;RS;4322400;0;0;;F;1;92012467010051;;;;4781400;5232;;0;4781400;;R;97501516
008;105;;TOT MONTENEGRO;RAMIRO BARCELOS;;2519;255;RS;4312401;0;0;;F;1;92012467010566;;;;4759899;5232;;0;4759899;;R;95780000
008;107;;FARROUPILHA;RUA;DE MAIO,351;13;1518;RS;4307906;0;0;;F;1;92012467010728;;;;4781400;5232;;0;4781400;;R;95180000
008;108;;TOT SANTIAGO;GETULIO VARGAS;;1395;179;RS;4317400;0;0;;F;1;92012467010809;;;;4759899;5232;;0;4759899;;AV;97700065
008;111;;CAMPOS NOVOS;AV.JUSCELINO KUBITSCHEK;;584;223;SC;4203600;0;0;;F;1;92012467011104;;;;4781400;5232;;0;4781400;;R;89620000
008;112;;TOT IJUI;RUA DO COMERCIO;;33;250;RS;4310207;0;0;;F;1;92012467011295;;;;4759899;5232;;0;4759899;;R;98700000
008;113;;TOT TRES PASSOS;RUA DALTRO FILHO;;753;237;RS;4321907;0;0;;F;1;92012467011376;;;;4759899;5232;;0;4759899;;R;98600000
008;116;;TOLEDO;RUA BARAO DO RIO BRANCO;;2242;105;PR;4127700;0;0;;F;1;92012467011619;;;;4781400;5232;;0;4781400;;R;85900030
008;117;;TOT SOLEDADE;CORONEL FALKEMBACK;SALA 02 E 03;807;1175;RS;4320800;0;0;;F;1;92012467011708;;;;4759899;5232;;0;4759899;;R;99300000
008;120;;TOT PASSO FUNDO;BRASIL LESTE;;925;5;RS;4314100;0;0;;F;1;92012467012003;;;;4759899;5232;;0;4759899;;AV;99050073
276;121;;PRM PORTO ALEGRE;RUA VOLUNTARIOS DA PATRIA;;294;52;RS;4314902;0;0;;F;1;06018086000247;;;;6810202;7020;;0;6810202;;R;90030001
008;121;;PRM SAO BORJA;PRESIDENTE VARGAS;;1206;165;RS;4318002;0;0;;F;1;92012467012186;;;;4781400;5232;;0;4781400;;AV;97670000
008;122;;CHAPECO;AV.GETULIO DORNELLES VARGAS;N;389;249;SC;4204202;0;0;;F;1;92012467012267;;;;4781400;5232;;0;4781400;;R;89802000
008;124;;PRM SANTO ANGELO;VINTE CINCO DE JULHO;;400;176;RS;4317509;0;0;;F;1;92012467012429;;;;4781400;5232;;0;4781400;;R;98801670
008;125;;PRM ERECHIM;NELSON EHLERS;LOJA TERREA;94;181;RS;4307005;0;0;;F;1;92012467012500;;;;4781400;5232;;0;4781400;;R;99700398
008;126;;TOT SANTA CRUZ DO SUL;RUA FERNANDO ABOTT;;545;126;RS;4316808;0;0;;F;1;92012467012690;;;;4759899;5232;;0;4759899;;R;96810148
008;127;;CAMAQUA;RUA MARECHAL FLORIANO;;1096;156;RS;4303509;0;0;;F;1;92012467012771;;;;4781400;5232;;0;4781400;;R;96180000
127;127;;PASSO FUNDO;VALENTIN GRAZZIOTIN;;77;10;RS;4314100;0;0;;F;1;90618372000179;;;;9430800;9199;;0;9430800;;R;99060030
008;128;;TOT SAO GABRIEL;MASCARENHAS DE MORAES;;781;160;RS;4318309;0;0;;F;1;92012467012852;;;;4759899;5232;;0;4759899;;R;97300370
008;129;;PRM PALMEIRA DAS MISSOES;INDEPENDENCIA;;1375;130;RS;4313706;0;0;;F;1;92012467012933;;;;4781400;5232;;0;4781400;;AV;98300000
008;133;;TOT CURITIBANOS;ROTARY;;308;287;SC;4204806;0;0;;F;1;92012467013310;;;;4759899;5232;;0;4759899;;R;89520000
008;135;;CONCORDIA;RUA DR. MARURI;;1044;267;SC;4204301;0;0;;F;1;92012467013581;;;;4781400;5232;;0;4781400;;R;89700000
008;136;;JOINVILLE;AV.GETULIO VARGAS;;1295;663;SC;4209102;0;0;;F;1;92012467013662;;;;4781400;5232;;0;4781400;;R;89202003
008;137;;BALNEARIO CAMBORIU;RUA AVENIDA DO ESTADO;;3124;291;SC;4202008;0;0;;F;1;92012467013743;;;;4781400;5232;;0;4781400;;R;88330000
008;138;;PRM RIO GRANDE;24 DE MAIO 206;;326;1090;RS;4315602;0;0;;F;1;92012467013824;;;;4781400;5232;;0;4781400;;R;96200003
008;140;;PRM UNIAO DA VITORIA;DR CRUZ MACHADO;;152;134;PR;4128203;0;0;;F;1;92012467014049;;;;4781400;5232;;0;4781400;;R;84600175
008;141;;TOT UNIAO DA VITORIA;VISCONDE DE GUARAPUAVA;;142;134;PR;4128203;0;0;;F;1;92012467014120;;;;4759899;5232;;0;4759899;;AV;84600195
008;142;;TOT ROSARIO DO SUL;JOAO BRASIL;;1167;62;RS;4316402;0;0;;F;1;92012467014200;;;;4759899;5232;;0;4759899;;R;97590000
008;143;;PRM IJUI;JOSE BONIFACIO;SL 2;444;250;RS;4310207;0;0;;F;1;92012467014391;;;;4781400;5232;;0;4781400;;R;98700000
008;145;;PRM URUGUAIANA;DUQUE DE CAXIAS;;1530;262;RS;4322400;0;0;;F;1;92012467014553;;;;4781400;5232;;0;4781400;;AV;97501584
008;146;;TOT ARARANGUA;SETE DE SETEMBRO;;653;225;SC;4201406;0;0;;F;1;92012467014634;;;;4781400;5232;;0;4781400;;AV;88900000
008;149;;TUBARAO;RUA CORONEL CABRAL;;338;166;SC;4218707;0;0;;F;1;92012467014987;;;;4781400;5232;;0;4781400;;R;88701050
008;150;;PONTA GROSSA;RUA MAURICIO DE NASSAU;;7;565;PR;4119905;0;0;;F;1;92012467015010;;;;4781400;5232;;0;4781400;;R;84070330
008;151;;TOT RIO GRANDE;RUA GENERAL OSORIO;;495;1090;RS;4315602;0;0;;F;1;92012467015100;;;;4759899;5232;;0;4759899;;R;96200400
008;152;;GUARAPUAVA;AV.PREF.MOACIR JULIO SILVESTRE;;2452;952;PR;4109401;0;0;;F;1;92012467015282;;;;4781400;5232;;0;4781400;;R;85015370
008;153;;TOT PELOTAS;RUA SANTOS DUMONT;;647;330;RS;4314407;0;0;;F;1;92012467015363;;;;4781400;5232;;0;4781400;;R;96020380
008;154;;PRM VACARIA;RAMIRO BARCELOS;;1142;70;RS;4322509;0;0;;F;1;92012467015444;;;;4781400;5232;;0;4781400;;R;95200058
008;155;;PRM SAO LUIZ GONZAGA;SENADOR PINHEIRO MACHADO;;2486;152;RS;4318903;0;0;;F;1;92012467015525;;;;4781400;5232;;0;4781400;;AV;97800000
008;156;;NOVO HAMBURGO;AV.CEL.FREDERICO LINCK;;345;2202;RS;4313409;0;0;;F;1;92012467015606;;;;4781400;5232;;0;4781400;;R;93336001
008;157;;ESTEIO;AV. PRESIDENTE VARGAS;;1845;189;RS;4307708;0;0;;F;1;92012467015797;;;;4781400;5232;;0;4781400;;R;93260003
008;158;;FRG PASSO FUNDO;MOROM;;1470;2;RS;4314100;0;0;;F;1;92012467015878;;;;4781400;5232;;0;4781400;;R;99010032
008;159;;PRM PASSO FUNDO;BRASIL;;315;2;RS;4314100;0;0;;F;1;92012467015959;;;;4781400;5232;;0;4781400;;AV;99010000
008;160;;PRM CURITIBANOS;CORONEL VIDAL RAMOS;;1100;287;SC;4204806;0;0;;F;1;92012467016092;;;;4781400;5232;;0;4781400;;R;89520000
008;162;;FRG PORTO ALEGRE;RUA JOAO WALLIG;SJW 52;1800;52;RS;4314902;0;0;;F;1;92012467016254;;;;4781400;5232;;0;4781400;;R;91340001
008;163;;PRM CRUZ ALTA;PINHEIRO MACHADO;;532;135;RS;4306106;0;0;;F;1;92012467016335;;;;4781400;5232;;0;4781400;;R;98005000
008;167;;TOT CACADOR;BARAO DO RIO BRANCO;Sala 3;875;631;SC;4203006;0;0;;F;1;92012467016769;;;;4759899;5232;;0;4759899;;AV;89500019
008;169;;PRM CARAZINHO;FLORES DA CUNHA;;2303;63;RS;4304705;0;0;;F;1;92012467016920;;;;4781400;5232;;0;4781400;;AV;99500000
008;171;;SAO JOSE;AV.LEOBERTO LEAL;;01;81;SC;4216602;0;0;;F;1;92012467017145;;;;4781400;5232;;0;4781400;;R;88117001
008;173;;TOT;;;;;;;0;0;;F;1;;;;;;;;0;;;;
008;174;;CRICIUMA;PRACA NEREU RAMOS;;364;450;SC;4204608;0;0;;F;1;92012467017498;;;;4781400;5232;;0;4781400;;R;88801500
008;175;;JOINVILLE;RUA DO PRINCIPE;;429;663;SC;4209102;0;0;;F;1;92012467017579;;;;4781400;5232;;0;4781400;;R;89201001
008;176;;PORTO ALEGRE;AV.BENTO GONCALVES;-1341;1333;52;RS;4314902;0;0;;F;1;92012467017650;;;;4781400;5232;;0;4781400;;R;90650002
008;177;;PRM ROSARIO DO SUL;JOAO BRASIL;;1011;62;RS;4316402;0;0;;F;1;92012467017730;;;;4781400;5232;;0;4781400;;R;97590000
008;180;;CURITIBA;RUA MARECHAL DEODORO;S 75 VI;630;1611;PR;4106902;0;0;;F;1;92012467018036;;;;4781400;5232;;0;4781400;;R;80010010
008;181;;FRANCISCO BELTRAO;RUA TENENTE CAMARGO;;1795;388;PR;4108403;0;0;;F;1;92012467018117;;;;4781400;5232;;0;4781400;;R;85601610
008;182;;FRG CASCAVEL;SOUZA NEVES;;3913;289;PR;4104808;0;0;;F;1;92012467018206;;;;4781400;5232;;0;4781400;;R;85810070
008;183;;GRZ ALEGRETE;DOS ANDRADAS;;617;317;RS;4300406;0;0;;F;1;92012467018389;;;;4781400;5232;;0;4781400;;R;97541001
008;184;;PRM BAGE;SETE DE SETEMBRO;764;760;256;RS;4301602;0;0;;F;1;92012467018460;;;;4781400;5232;;0;4781400;;AV;96400003
008;185;;PORTO ALEGRE;RUA DOS ANDRADAS;,SALAO COM 1;1001;52;RS;4314902;0;0;;F;1;92012467018540;;;;4781400;5232;;0;4781400;;R;90020005
008;186;;PRM SANTA ROSA;RIO BRANCO;;420;192;RS;4317202;0;0;;F;1;92012467018621;;;;4781400;5232;;0;4781400;;AV;98780100
008;187;;TOT LAGOA VERMELHA;BENJAMIN CONSTANT;;2145;272;RS;4311304;0;0;;F;1;92012467018702;;;;4759899;5232;;0;4759899;;AV;95300000
008;188;;MARAU;RUA BENTO GONCALVES;;1414;391;RS;4311809;0;0;;F;1;92012467018893;;;;4781400;5232;;0;4781400;;R;99150000
008;189;;TOT CANOAS;RIO GRANDE DO SUL;SALA 2;217;368;RS;4304606;0;0;;F;1;92012467018974;;;;4781400;5232;;0;4781400;;AV;92330000
008;190;;FRG SAO BORJA;GENERAL MARQUES;SALA 02;969;165;RS;4318002;0;0;;F;1;92012467019008;;;;4781400;5232;;0;4781400;;R;97670000
008;191;;FRG NOVO HAMBURGO;PEDRO ADAMS FILHO;LOJA 1;5130;857;RS;4313409;0;0;;F;1;92012467019199;;;;4781400;5232;;0;4781400;;AV;93320002
008;192;;DIONISIO CERQUEIRA;TRAVESSA;;141;416;SC;4205001;0;0;;F;1;92012467019270;;;;4781400;5232;;0;4781400;;R;89950000
008;193;;TOT DOM PEDRITO;MOREIRA CEZAR;;917;404;RS;4306601;0;0;;F;1;92012467019350;;;;4759899;5232;;0;4759899;;R;96450000
008;194;;CASCAVEL;AV.BRASIL;;7331;289;PR;4104808;0;0;;F;1;92012467019431;;;;4781400;5232;;0;4781400;;R;85806230
008;196;;TOT CACAPAVA DO SUL;SETE DE SETEMBRO;;934;440;RS;4302808;0;0;;F;1;92012467019601;;;;4759899;5232;;0;4759899;;R;96570000
008;197;;ALVORADA;AV.PRESIDENTE GETULIO VARGAS;;599;1065;RS;4300604;0;0;;F;1;92012467019784;;;;4781400;5232;;0;4781400;;R;94810000
008;198;;FRG BAGE;SETE DE SETEMBRO;;849;256;RS;4301602;0;0;;F;1;92012467019865;;;;4781400;5232;;0;4781400;;AV;96400006
008;199;;PRM SANTIAGO;GETULIO VARGAS;;1847;179;RS;4317400;0;0;;F;1;92012467019946;;;;4781400;5232;;0;4781400;;AV;97700065
008;201;;TOT GRAVATAI;DORIVAL LUZ OLIVEIRA;;4770;1959;RS;4309209;0;0;;F;1;92012467020103;;;;4781400;5232;;0;4781400;;AV;94050000
008;202;;FRG SANTO ANGELO;MARQUES DO ERVAL;SALA B;1446;176;RS;4317509;0;0;;F;1;92012467020286;;;;4781400;5232;;0;4781400;;R;98801640
008;203;;JOINVILLE;RUA IRIRIU;;3502;1552;SC;4209102;0;0;;F;1;92012467020367;;;;4781400;5232;;0;4781400;;R;89224000
008;205;;TOT JAGUARAO;27 DE JANEIRO;;431;475;RS;4311007;0;0;;F;1;92012467020529;;;;4759899;5232;;0;4759899;;R;96300000
008;206;;TOT ITAQUI;BORGES DO CANTO;;1035;486;RS;4310603;0;0;;F;1;92012467020600;;;;4759899;5232;;0;4759899;;R;97650000
008;208;;FRG SAO JOSE;RUA GERONCIO THIEVES;219 E 220;1079;2738;SC;4216602;0;0;;F;1;92012467020871;;;;4781400;5232;;0;4781400;;R;88117200
008;209;;TOT SAO LEOPOLDO;AV.PAROBE;;464;211;RS;4318705;0;0;;F;1;92012467020952;;;;4781400;5232;;0;4781400;;R;93125000
008;210;;FLORIANOPOLIS;RUA FELIPE SCHMIDT;S.06;176;1257;SC;4205407;0;0;;F;1;92012467021096;;;;4781400;5232;;0;4781400;;R;88010000
008;211;;FOZ DO IGUACU;AV.JUSC.KUBITSCHECK;;3705;4067;PR;4108304;0;0;;F;1;92012467021177;;;;4781400;5232;;0;4781400;;R;85854000
008;212;;PORTO ALEGRE;AV.JULIO DE CASTILHOS;;293;52;RS;4314902;0;0;;F;1;92012467021258;;;;4781400;5232;;0;4781400;;R;90030131
008;215;;CAXIAS DO SUL;EST.BR;,2570;116;4068;RS;4305108;0;0;;F;1;92012467021509;;;;4781400;5232;;0;4781400;;R;95070070
008;216;;NOVO HAMBURGO;RUA GENERAL NETO;;59;857;RS;4313409;0;0;;F;1;92012467021681;;;;4781400;5232;;0;4781400;;R;93510010
008;217;;BLUMENAU;RUA SETE DE SETEMBRO;;135;4069;SC;4202404;0;0;;F;1;92012467021762;;;;4781400;5232;;0;4781400;;R;89010201
008;219;;PRM LAGOA VERMELHA;AFONSO PENA;;295;272;RS;4311304;0;0;;F;1;92012467021924;;;;4781400;5232;;0;4781400;;AV;95300000
008;220;;MAFRA;RUA FELIPE SCHMIDT;;847;1149;SC;4210100;0;0;;F;1;92012467022068;;;;4781400;5232;;0;4781400;;R;89300000
008;222;;PONTA GROSSA;PRACA BARAO DE GUARAUNA;;29;565;PR;4119905;0;0;;F;1;92012467022220;;;;4781400;5232;;0;4781400;;R;84010670
008;224;;FRG PONTA GROSSA;DR. COLARES;ES AUG RIBAS, 680;S/n;565;PR;4119905;0;0;;F;1;92012467022491;;;;4781400;5232;;0;4781400;;R;84010010
008;227;;PRM CACADOR;ANITA GARIBALDI;;55;631;SC;4203006;0;0;;F;1;92012467022734;;;;4781400;5232;;0;4781400;;R;89500058
008;228;;FRG SANTANA DO LIVRAMENTO;CONDE DE PORTO ALEGRE;;263;147;RS;4317103;0;0;;F;1;92012467022815;;;;4781400;5232;;0;4781400;;R;97573575
008;229;;VENANCIO AIRES;RUA OSVALDO ARANHA;;328;629;RS;4322608;0;0;;F;1;92012467022904;;;;4781400;5232;;0;4781400;;R;95200000
008;230;;SAO LUIZ GONZAGA;RUA;DE MAIO,1432;13;152;RS;4318903;0;0;;F;1;92012467023030;;;;4781400;5232;;0;4781400;;R;97800000
008;231;;TUBARAO;AV.EXPEDICIONARIO PEDRO COELHO;;963;166;SC;4218707;0;0;;F;1;92012467023110;;;;4781400;5232;;0;4781400;;R;88704201
008;233;;TOT URUGUAIANA;GENERAL FLORES DA CUNHA;;2035;262;RS;4322400;0;0;;F;1;92012467023382;;;;4759899;5232;;0;4759899;;R;97502365
008;234;;LAGES;RUA MARECHAL DEODORO;;305;491;SC;4209300;0;0;;F;1;92012467023463;;;;4781400;5232;;0;4781400;;R;88500000
008;235;;JOACABA;RUA FRANCISCO LINDNER;;510;4060;SC;4209003;0;0;;F;1;92012467023544;;;;4781400;5232;;0;4781400;;R;89600000
008;236;;CANOINHAS;RUA VIDAL RAMOS;;264;884;SC;4203808;0;0;;F;1;92012467023625;;;;4781400;5232;;0;4781400;;R;89460000
008;238;;FRG JOINVILLE;JOAO COLIN;;112;663;SC;4209102;0;0;;F;1;92012467023897;;;;4781400;5232;;0;4781400;;R;89201400
008;239;;PRM SANTA MARIA;DO ACAMPAMENTO;SALA 02;244;18;RS;4316907;0;0;;F;1;92012467023978;;;;4781400;5232;;0;4781400;;R;97050000
008;240;;FRG LAJEADO;BR 386 KM 346;SALA 44;0;1431;RS;4311403;0;0;;F;1;92012467024001;;;;4781400;5232;;0;4781400;;ROD;95900000
008;241;;FRG ERECHIM;SETE DE SETEMBRO;;1200;181;RS;4307005;0;0;;F;1;92012467024192;;;;4781400;5232;;0;4781400;;AV;99700000
008;242;;PRM ALEGRETE;GASPAR MARTINS;CASA;158;317;RS;4300406;0;0;;F;1;92012467024273;;;;4781400;5232;;0;4781400;;R;97542000
008;243;;PRM SAO GABRIEL;CORONEL SEZEFREDO;;798;160;RS;4318309;0;0;;F;1;92012467024354;;;;4781400;5232;;0;4781400;;R;97300222
008;244;;PRM SOLEDADE;JULIO DE CASTILHOS;;1092;1175;RS;4320800;0;0;;F;1;92012467024435;;;;4781400;5232;;0;4781400;;AV;99300000
008;245;;PASSO FUNDO;MOROM;;1331;2;RS;4314100;0;0;;F;1;92012467024516;;;;4781400;5232;;0;4781400;;R;99010035
008;246;;ALEGRETE;GASPAR MARTINS;;093;317;RS;4300406;0;0;;F;1;92012467024605;;;;4781400;5232;;0;4781400;;R;97542000
008;247;;BAGE;SETE DE SETEMBRO;;775;256;RS;4301602;0;0;;F;1;92012467024788;;;;4781400;5232;;0;4781400;;AV;96400970
008;248;;SANTANA DO LIVRAMENTO;RUA DOS ANDRADAS;;289;147;RS;4317103;0;0;;F;1;92012467024869;;;;4781400;5232;;0;4781400;;R;98801000
008;249;;SANTO ANGELO;RUA MARQUES DO HERVAL;;1446;176;RS;4317509;0;0;;F;1;92012467024940;;;;4781400;5232;;0;4781400;;R;98801000
008;250;;PONTA GROSSA;AV.GEN.CARLOS CAVALCANTI;;1314;565;PR;4119905;0;0;;F;1;92012467025083;;;;4781400;5232;;0;4781400;;R;84010000
008;251;;ARARANGUA;SETE DE SETEMBRO;;653;225;SC;4201406;0;0;;F;1;92012467025164;;;;4781400;5232;;0;4781400;;AV;88900000
008;252;;FRG IJUI;ERNESTO ALVES;SALA 02;138;250;RS;4310207;0;0;;F;1;92012467025245;;;;4781400;5232;;0;4781400;;R;98700000
008;253;;GRZ ITAJAI;RUA SAMUEL HEUSI;SALA 01;234;1864;SC;4208203;0;0;;F;1;92012467025326;;;;4781400;5232;;0;4781400;;R;88301070
008;254;;FRG PELOTAS;QUINZE DE NOVEMBRO;;616;330;RS;4314407;0;0;;F;1;92012467025407;;;;4781400;5232;;0;4781400;;R;96015300
008;255;;SAO LEOPOLDO;AV.JOAO CORREA;;1776;117;RS;4318705;0;0;;F;1;92012467025598;;;;4781400;5232;;0;4781400;;R;93020690
008;256;;FRG SANTA MARIA;FERNANDO FERRARI;SALA 042 043;1483;18;RS;4316907;0;0;;F;1;92012467025679;;;;4781400;5232;;0;4781400;;AV;97050801
008;257;;SANTANA DO LIVRAMENTO;RUA DOS ANDRADAS;;76;147;RS;4317103;0;0;;F;1;92012467025750;;;;4781400;5232;;0;4781400;;R;97573000
008;258;;PASSO FUNDO;BRASIL;;616;2;RS;4314100;0;0;;F;1;92012467025830;;;;4781400;5232;;0;4781400;;AV;99100000
008;259;;PRM DOM PEDRITO;MOREIRA CEZAR;;935;404;RS;4306601;0;0;;F;1;92012467025911;;;;4781400;5232;;0;4781400;;R;96450000
008;260;;CONCORDIA;RUA DR. MARURI;;1145;267;SC;4204301;0;0;;F;1;92012467026055;;;;4781400;5232;;0;4781400;;R;89700000
008;261;;PRM CACHOEIRA DO SUL;SETE DE SETEMBRO;;1147;89;RS;4303004;0;0;;F;1;92012467026136;;;;4781400;5232;;0;4781400;;R;96508011
008;262;;TOT CAXIAS DO SUL;RUA MOREIRA CESAR;;623;607;RS;4305108;0;0;;F;1;92012467026217;;;;4781400;5232;;0;4781400;;R;95034000
008;263;;PRM ITAQUI;INDEPENDENCIA;;755;486;RS;4310603;0;0;;F;1;92012467026306;;;;4781400;5232;;0;4781400;;R;97650000
008;264;;PRM PANAMBI;SETE DE SETEMBRO;;326;2528;RS;4313904;0;0;;F;1;92012467026489;;;;4781400;5232;;0;4781400;;R;98280000
008;265;;SAO BORJA;GENERAL MARQUES;;1066;165;RS;4318002;0;0;;F;1;92012467026560;;;;4781400;5232;;0;4781400;;R;97670000
008;266;;FRG LAGES;CORREIA PINTO;;211;491;SC;4209300;0;0;;F;1;92012467026640;;;;4781400;5232;;0;4781400;;R;88502201
008;267;;PRM CANOINHAS;FRANCISCO DE PAULA PEREIRA;;415;884;SC;4203808;0;0;;F;1;92012467026721;;;;4781400;5232;;0;4781400;;R;89460048
008;268;;GRZ SANTA CRUZ DO SUL;MARECHAL FLORIANO;;925;126;RS;4316808;0;0;;F;1;92012467026802;;;;4781400;5232;;0;4781400;;R;96810052
008;269;;FRG ALEGRETE;DOS ANDRADAS;ESQ GASPAR;575;317;RS;4300406;0;0;;F;1;92012467026993;;;;4781400;5232;;0;4781400;;R;97541001
008;270;;PORTO ALEGRE;AV.ASSIS BRASIL;SALA 33;164;351;RS;4314902;0;0;;F;1;92012467027027;;;;4781400;5232;;0;4781400;;R;91010000
008;271;;CANOAS;AV.GETULIO VARGAS;S.30;5765;294;RS;4304606;0;0;;F;1;92012467027108;;;;4781400;5232;;0;4781400;;R;92010011
008;272;;GRZ GUARAPUAVA;RUA GETULIO VARGAS;;1390;952;PR;4109401;0;0;;F;1;92012467027299;;;;4781400;5232;;0;4781400;;R;85010280
008;273;;TOT GUAIBA;RUA NESTOR DE MOURA JARDIM;;382;2764;RS;4309308;0;0;;F;1;92012467027370;;;;4781400;5232;;0;4781400;;R;92704300
008;274;;URUGUAIANA;RUA BENTO MARTINS;;2775;262;RS;4322400;0;0;;F;1;92012467027450;;;;4781400;5232;;0;4781400;;R;97510001
008;275;;SAO LOURENCO DO SUL;ALMIRANTE BARROSO;/2039;2035;4571;RS;4318804;0;0;;F;1;92012467027531;;;;4781400;5232;;0;4781400;;R;96170000
008;276;;SAO MIGUEL DO OESTE;RUA ALMIRANTE TAMANDARE;;685;1730;SC;4217204;0;0;;F;1;92012467027612;;;;4781400;5232;;0;4781400;;R;89900000
008;277;;FRG GUARAPUAVA;SALDANHA MARINHO;;1494;952;PR;4109401;0;0;;F;1;92012467027701;;;;4781400;5232;;0;4781400;;R;85010290
008;278;;FRG URUGUAIANA;DUQUE DE CAXIAS;;1734;262;RS;4322400;0;0;;F;1;92012467027884;;;;4781400;5232;;0;4781400;;R;97501510
008;279;;JOINVILLE;RUA VISCONDE DE TAUNAY;;235;663;SC;4209102;0;0;;F;1;92012467027965;;;;4781400;5232;;0;4781400;;R;89801420
008;280;;CRUZ ALTA;AVENIDA PINHEIRO MACHADO;;548;135;RS;4306106;0;0;;F;1;92012467028007;;;;4781400;5232;;0;4781400;;R;98005000
008;281;;FRG CARAZINHO;FLORES DA CUNHA;;1793;63;RS;4304705;0;0;;F;1;92012467028180;;;;4781400;5232;;0;4781400;;AV;99500000
008;282;;GRZ SAO GABRIEL;GENERAL MALLET;N 76;70;160;RS;4318309;0;0;;F;1;92012467028260;;;;4781400;5232;;0;4781400;;R;97300430
008;283;;FRG CRUZ ALTA;PINHEIRO MACHADO;CASA;561;135;RS;4306106;0;0;;F;1;92012467028341;;;;4781400;5232;;0;4781400;;R;98005000
008;284;;PRM MARAU;JULIO BORELLA;LOJA 01 E 02;620;391;RS;4311809;0;0;;F;1;92012467028422;;;;4781400;5232;;0;4781400;;AV;99150000
008;285;;FRG SANTA CRUZ DO SUL;MARECHAL FLORIANO;;937;126;RS;4316808;0;0;;F;1;92012467028503;;;;4781400;5232;;0;4781400;;R;96810052
008;286;;SANTA CRUZ DO SUL;MARECHAL FLORIANO;;943;126;RS;4316808;0;0;;F;1;92012467028694;;;;4781400;5232;;0;4781400;;R;96810000
008;287;;FRG SANTA MARIA;VENANCIO AIRES;SALA 3;1831;18;RS;4316907;0;0;;F;1;92012467028775;;;;4781400;5232;;0;4781400;;R;97010003
008;288;;PRM MAFRA;PRACA ERCILIO LUZ;;117;8142;SC;4210100;0;0;;F;1;92012467028856;;;;4781400;5232;;0;4781400;;PC;89300278
008;289;;PRM JAGUARAO;VINTE SETE DE JANEIRO;;407;475;RS;4311007;0;0;;F;1;92012467028937;;;;4781400;5232;;0;4781400;;AV;96300000
008;290;;FRG RIO GRANDE;GENERAL BACELAR;SALA A;265;1090;RS;4315602;0;0;;F;1;92012467029070;;;;4781400;5232;;0;4781400;;R;96200370
008;291;;FRG CACHOEIRA DO SUL;JULIO DE CASTILHOS;;253;89;RS;4303004;0;0;;F;1;92012467029151;;;;4781400;5232;;0;4781400;;R;96501001
008;292;;FRG SANTA ROSA;RIO BRANCO;S 02;295;192;RS;4317202;0;0;;F;1;92012467029232;;;;4781400;5232;;0;4781400;;AV;98900000
008;293;;FRG TOLEDO;RUA SETE DE SETEMBRO;;973;105;PR;4127700;0;0;;F;1;92012467029313;;;;4781400;5232;;0;4781400;;R;85900220
008;294;;TUBARAO;AV.MARCOLINO MARTINS CABRAL;;926;166;SC;4218707;0;0;;F;1;92012467029402;;;;4781400;5232;;0;4781400;;R;88701001
008;295;;GRZ LAJEADO;BR 386 KM 346;SALA 253;0;1431;RS;4311403;0;0;;F;1;92012467029585;;;;4781400;5232;;0;4781400;;ROD;95900000
008;296;;FRG SAO LEOPOLDO;RUA INDEPENDENCIA;;458;117;RS;4318705;0;0;;F;1;92012467029666;;;;4781400;5232;;0;4781400;;R;93010003
008;297;;FRG VACARIA;JULIO DE CASTILHO;;1469;70;RS;4322509;0;0;;F;1;92012467029747;;;;4781400;5232;;0;4781400;;R;95200000
008;298;;SANTA MARIA;RUA VENANCIO AIRES;;1761;18;RS;4316907;0;0;;F;1;92012467029828;;;;4781400;5232;;0;4781400;;R;97010003
008;299;;PRM CACAPAVA DO SUL;15 DE NOVEMBRO;;321;440;RS;4302808;0;0;;F;1;92012467029909;;;;4781400;5232;;0;4781400;;R;96570000
008;300;;ITAJAI;RUA SAMUEL HEUSI;;234;1864;SC;4208203;0;0;;F;1;92012467030087;;;;4781400;5232;;0;4781400;;R;88301070
008;301;;BENTO GONCALVES;MARECHAL DEODORO;;238;36;RS;4302105;0;0;;F;1;92012467030168;;;;4781400;5232;;0;4781400;;R;95700000
008;302;;CACHOEIRA DO SUL;JULIO DE CASTILHOS;;517;89;RS;4303004;0;0;;F;1;92012467030249;;;;4781400;5232;;0;4781400;;R;96501001
008;303;;PRM CACHOEIRINHA;AVENIDA FREDERICO RITTER;;51;390;RS;4303103;0;0;;F;1;92012467030320;;;;4781400;5232;;0;4781400;;R;94930000
008;304;;PRM FRANCISCO BELTRAO;ANTONINA;;320;388;PR;4108403;0;0;;F;1;92012467030400;;;;4781400;5232;;0;4781400;;R;85601580
008;305;;IJUI;RUA VENANCIO AIRES;;39;250;RS;4310207;0;0;;F;1;92012467030591;;;;4781400;5232;;0;4781400;;R;98700000
008;306;;PRM TAPEJARA;SETE DE SETEMBRO;;1030;3344;RS;4320909;0;0;;F;1;92012467030672;;;;4781400;5232;;0;4781400;;AV;99950000
008;307;;PRM PASSO FUNDO;BRASIL OESTE;;885;22;RS;4314100;0;0;;F;1;92012467030753;;;;4781400;5232;;0;4781400;;AV;99025002
008;308;;TOT BARRACAO;SAO PAULO;;34;831;PR;4102604;0;0;;F;1;92012467030834;;;;4781400;5232;;0;4781400;;R;85700000
008;309;;PRM IJUI;ERNESTO ALVES;SALA 01;138;250;RS;4310207;0;0;;F;1;92012467030915;;;;4781400;5232;;0;4781400;;R;98700000
008;310;;PRM SANTO ANGELO;MARECHAL FLORIANO;SALA 02;1387;176;RS;4317509;0;0;;F;1;92012467031059;;;;4781400;5232;;0;4781400;;R;98801650
008;311;;PRM FLORES DA CUNHA;ERNESTO ALVES;;2362;2576;RS;4308201;0;0;;F;1;92012467031130;;;;4781400;5232;;0;4781400;;R;95270000
008;312;;TOT HORIZONTINA;RUA URUGUAI;;899;3838;RS;4309605;0;0;;F;1;92012467031210;;;;4781400;5232;;0;4781400;;R;98920000
008;313;;PRM SAO SEPE;PLACIDO GONCALVES;TERREO;1486;3345;RS;4319604;0;0;;F;1;92012467031300;;;;4781400;5232;;0;4781400;;R;97340000
008;314;;PRM TRES DE MAIO;SENADOR ALBERTO PASQUALINE;SALA B;230;754;RS;4321808;0;0;;F;1;92012467031482;;;;4781400;5232;;0;4781400;;AV;98910000
008;315;;PRM SAO PEDRO DO SUL;15 DE NOVEMBRO;;311;3115;RS;4319406;0;0;;F;1;92012467031563;;;;4781400;5232;;0;4781400;;R;97400000
008;316;;PRM TAQUARI;RUA SETE DE SETEMBRO;;2513;4073;RS;4321303;0;0;;F;1;92012467031644;;;;4781400;5232;;0;4781400;;R;95860000
008;317;;PRM CACHOEIRA DO SUL;JULIO DE CASTILHOS;;530;89;RS;4303004;0;0;;F;1;92012467031725;;;;4781400;5232;;0;4781400;;AV;96501000
008;318;;PRM ESTEIO;AVENIDA PRESIDENTE VARGAS;;1698;189;RS;4307708;0;0;;F;1;92012467031806;;;;4781400;5232;;0;4781400;;R;93260003
008;319;;PRM CERRO LARGO;SETE DE SETEMBRO;;647;3811;RS;4305207;0;0;;F;1;92012467031997;;;;4781400;5232;;0;4781400;;R;97900000
008;320;;GRZ VACARIA;RAMIRO BARCELOS;;1176;70;RS;4322509;0;0;;F;1;92012467032020;;;;4781400;5232;;0;4781400;;R;95200058
008;321;;PRM CRUZ ALTA;GENERAL OSORIO;;255;135;RS;4306106;0;0;;F;1;92012467032101;;;;4781400;5232;;0;4781400;;AV;98005150
008;322;;PRM XAXIM;CANDIDO TESTON;;1156;4028;SC;4219705;0;0;;F;1;92012467032292;;;;4781400;5232;;0;4781400;;R;89825000
008;323;;PRM SERAFINA CORREA;MIGUEL SOCCOL;SALA 01;2754;4074;RS;4320404;0;0;;F;1;92012467032373;;;;4781400;5232;;0;4781400;;AV;99250000
008;324;;PRM SAO MARCOS;VENANCIO AIRES;;586;4075;RS;4319000;0;0;;F;1;92012467032454;;;;4781400;5232;;0;4781400;;AV;95190000
008;325;;PRM HORIZONTINA;URUGUAI;SL TERREA 02;899;3838;RS;4309605;0;0;;F;1;92012467032535;;;;4781400;5232;;0;4781400;;R;98920000
008;326;;PRM CACEQUI;DUQUE DE CAXIAS;;1209;4084;RS;4302907;0;0;;F;1;92012467032616;;;;4781400;5232;;0;4781400;;R;97450000
008;327;;PRM BUTIA;AVENIDA PIRATINI;SALA 01;373;4117;RS;4302709;0;0;;F;1;92012467032705;;;;4781400;5232;;0;4781400;;AV;96750970
008;328;;PRM CAMAQUA;JULIO DE CASTILHOS;A;676;156;RS;4303509;0;0;;F;1;92012467032888;;;;4781400;5232;;0;4781400;;R;96780072
008;329;;PRM CRISSIUMAL;QUINZE DE NOVEMBRO;SALA 02;50;4211;RS;4306007;0;0;;F;1;92012467032969;;;;4781400;5232;;0;4781400;;R;98640970
008;330;;PRM SANTO CRISTO;AMANDAU;;9;4124;RS;4317905;0;0;;F;1;92012467033000;;;;4781400;5232;;0;4781400;;R;98960000
008;331;;PRM SANTANA DO LIVRAMENTO;DOS ANDRADAS;SALA 02;384;147;RS;4317103;0;0;;F;1;92012467033183;;;;4781400;5232;;0;4781400;;R;97573572
008;332;;PRM SANTA VITORIA DO PALMAR;BARAO DO RIO BRANCO;TERREA;530;4150;RS;4317301;0;0;;F;1;92012467033264;;;;4781400;5232;;0;4781400;;R;96230000
008;333;;PRM VERANOPOLIS;OSVALDO ARANHA;SALA 01;1469;4152;RS;4322806;0;0;;F;1;92012467033345;;;;4781400;5232;;0;4781400;;AV;95330000
008;334;;PRM ESPUMOSO;ANGELO MACALOS;A;366;4171;RS;4307500;0;0;;F;1;92012467033426;;;;4781400;5232;;0;4781400;;AV;99400000
008;335;;PRM ANTONIO PRADO;VALDOMIRO BOCCHESE;;995;4153;RS;4300802;0;0;;F;1;92012467033507;;;;4781400;5232;;0;4781400;;AV;95250000
008;336;;PRM SAO SEBASTIAO DO CAI;PINHEIRO MACHADO;;1008;4272;RS;4319505;0;0;;F;1;92012467033698;;;;4781400;5232;;0;4781400;;R;95760000
008;337;;PRM CANDELARIA;TENENTE PEDRO VON MUHLEN;;529;4167;RS;4304200;0;0;;F;1;92012467033779;;;;4781400;5232;;0;4781400;;R;96930000
008;337;;PRM CANDELARIA;BOTUCARAI;;529;4167;RS;4304200;0;0;;F;1;92012467033779;;;;4781400;5232;;0;4781400;;R;96930000
008;338;;PRM AGUDO;MARECHAL DEODORO;;376;4180;RS;4300109;0;0;;F;1;92012467033850;;;;4781400;5232;;0;4781400;;R;96540000
008;339;;PRM ROLANTE;BORGES DE MEDEIROS;;1968;4170;RS;4316006;0;0;;F;1;92012467033930;;;;4781400;5232;;0;4781400;;AV;95690000
008;340;;PRM JAGUARI;SETE DE SETEMBRO;;345;4183;RS;4311106;0;0;;F;1;92012467034074;;;;4781400;5232;;0;4781400;;R;97760000
008;341;;PRM NAO ME TOQUE;FERNANDO STURM;;425;4200;RS;4312658;0;0;;F;1;92012467034155;;;;4781400;5232;;0;4781400;;R;99470000
008;342;;PRM ARROIO DO TIGRE;CASTELO BRANCO;;509;4201;RS;4301206;0;0;;F;1;92012467034236;;;;4781400;5232;;0;4781400;;R;96950000
008;343;;PRM SAO FRANCISCO DE PAULA;JULIO DE CASTILHOS;;632;4202;RS;4318200;0;0;;F;1;92012467034317;;;;4781400;5232;;0;4781400;;AV;95400000
008;344;;PRM CHARQUEADAS;BENTO GONCALVES;;697;4203;RS;4305355;0;0;;F;1;92012467034406;;;;4781400;5232;;0;4781400;;AV;96745000
008;345;;FRG PORTO ALEGRE;CRISTOVAO COLOMBO;SALA 2194;545;1062;RS;4314902;0;0;;F;1;92012467034589;;;;4781400;5232;;0;4781400;;AV;90560003
008;346;;FRG CANOAS;QUINZE DE JANEIRO;SALA 213;481;294;RS;4304606;0;0;;F;1;92012467034660;;;;4781400;5232;;0;4781400;;AV;92010300
008;347;;PRM BENTO GONCALVES;OSVALDO ARANHA;SALA 102A;808;36;RS;4302105;0;0;;F;1;92012467034740;;;;4781400;5232;;0;4781400;;R;95700000
008;348;;PRM BARRACAO;SAO PAULO;;34;831;PR;4102604;0;0;;F;1;92012467034821;;;;4781400;5232;;0;4781400;;R;85700000
008;349;;FRG MONTENEGRO;RAMIRO BARCELOS;;2350;255;RS;4312401;0;0;;F;1;92012467034902;;;;4781400;5232;;0;4781400;;R;95780000
008;350;;FRG PORTO ALEGRE;RUA VOLUNTARIOS DA PATRIA;SALAS130 131;294;52;RS;4314902;0;0;;F;1;92012467035046;;;;4781400;5232;;0;4781400;;R;90030001
008;351;;PRM PALMEIRA;ERNESTO STAEHLER;;286;4253;PR;4117701;0;0;;F;1;92012467035127;;;;4781400;5232;;0;4781400;;PC;84130000
008;351;;PRM PALMEIRA;MARECHAL FLORIANO PEIXOTO;;286;4253;PR;4117701;0;0;;F;1;92012467035127;;;;4781400;5232;;0;4781400;;PC;84130000
008;351;;PRM PALMEIRA;ERNESTO STAEHLER;;286;4253;PR;4117701;0;0;;F;1;92012467035127;;;;4781400;5232;;0;4781400;;PC;84130000
008;351;;PRM PALMEIRA;MARECHAL FLORIANO PEIXOTO;;286;4253;PR;4117701;0;0;;F;1;92012467035127;;;;4781400;5232;;0;4781400;;PC;84130000
008;352;;PRM MONTENEGRO;RAMIRO BARCELOS;;2519;255;RS;4312401;0;0;;F;1;92012467035208;;;;4781400;5232;;0;4781400;;R;95780000
008;353;;PRM PRUDENTOPOLIS;PRUDENTE DE MORAES;;489;4231;PR;4120606;0;0;;F;1;92012467035399;;;;4781400;5232;;0;4781400;;R;84400000
008;354;;PRM SARANDI;PAULO DAL OGLIO;;1627;4275;RS;4320107;0;0;;F;1;92012467035470;;;;4781400;5232;;0;4781400;;R;99560000
008;355;;TOT IBIRUBA;GENERAL OSORIO;;740;2936;RS;4310009;0;0;;F;1;92012467035550;;;;4759899;5232;;0;4759899;;R;98200000
008;356;;PRM SANANDUVA;RIO BRANCO;;81;4268;RS;4316600;0;0;;F;1;92012467035631;;;;4781400;5232;;0;4781400;;AV;99840000
008;357;;FRG NOVA PRATA;PRESIDENTE VARGAS;;577;2233;RS;4313300;0;0;;F;1;92012467035712;;;;4781400;5232;;0;4781400;;AV;95320000
008;358;;PRM SANTA ROSA;DR JOAO DAHNE;;217;192;RS;4317202;0;0;;F;1;92012467035801;;;;4781400;5232;;0;4781400;;R;98780078
008;359;;PRM VIDEIRA;DOM PEDRO II;;430;4294;SC;4219309;0;0;;F;1;92012467035984;;;;4781400;5232;;0;4781400;;AV;89560208
008;360;;PRM PORTO XAVIER;MARECHAL FLORIANO PEIXOTO;;649;4358;RS;4315107;0;0;;F;1;92012467036018;;;;4781400;4781;;0;4781400;;AV;98995000
008;361;;PRM SANTA BARBARA DO SUL;PRESIDENTE VARGAS;TERREO;65;4390;RS;4316709;0;0;;F;1;92012467036107;;;;4781400;4781;;0;4781400;;AV;98240000
008;362;;PRM TENENTE PORTELA;REDENCAO;;229;4391;RS;4321402;0;0;;F;1;92012467036280;;;;4781400;4781;;0;4781400;;AV;98500000
008;363;;PRM VERA CRUZ;NESTOR FREDERICO HENN;;1;2572;RS;4322707;0;0;;F;1;92012467036360;;;;4781400;4781;;0;4781400;;AV;96880000
008;364;;PRM CAMPOS NOVOS;CORONEL LUCIDORO;;1200;223;SC;4203600;0;0;;F;1;92012467036441;;;;4781400;4781;;0;4781400;;R;89620000
008;365;;PRM TAPES;GETULIO VARGAS;;499;4520;RS;4321105;0;0;;F;1;92012467036522;;;;4781400;4781;;0;4781400;;AV;96760000
008;366;;TOT QUARAI;SETE DE SETEMBRO;;758;2832;RS;4315305;0;0;;F;1;92012467036603;;;;4759899;4781;;0;4759899;;AV;97560000
008;367;;PRM NOVA HARTZ;EMILIO JOST;;223;4448;RS;4313060;0;0;;F;1;92012467036794;;;;4781400;4781;;0;4781400;;R;93890000
008;368;;PRM IRATI;XV DE NOVEMBRO;;220;4470;PR;4110706;0;0;;F;1;92012467036875;;;;4781400;4781;;0;4781400;;R;84500000
008;369;;PRM IMBITUVA;JOAQUIM GASPAR;;132;4471;PR;4110102;0;0;;F;1;92012467036956;;;;4781400;4781;;0;4781400;;R;84430000
008;370;;PRM SANTO ANTONIO DA PATRULHA;CORONEL VICTOR VILLA VERDE;LOJA 01;76;5510;RS;4317608;0;0;;F;1;92012467037090;;;;4781400;4781;;0;4781400;;AV;95500000
008;371;;TOT SANTA VITORIA DO PALMAR;BARĂO DO RIO BRANCO;;909;4150;RS;4317301;0;0;;F;1;92012467037170;;;;4759899;4781;;0;4759899;;R;96230000
008;372;;PRM CAPANEMA;INDEPENDENCIA;;1049;4472;PR;4104501;0;0;;F;1;92012467037251;;;;4781400;4781;;0;4781400;;AV;85760000
008;373;;PRM NONOAI;DR PEDRO ROSO;;580;4482;RS;4312708;0;0;;F;1;92012467037332;;;;4781400;4781;;0;4781400;;R;99600000
008;374;;PRM LAGES;LUIZ DE CAMOES;;50;338;SC;4209300;0;0;;F;1;92012467037413;;;;4781400;4781;;0;4781400;;AV;88523000
008;375;;PRM OSORIO;SANTOS DUMONT;LOJA 01;226;4521;RS;4313508;0;0;;F;1;92012467037502;;;;4781400;4781;;0;4781400;;R;95520000
008;376;;PRM PIRAI DO SUL;IZIDORO DOIN;;196;4618;PR;4119400;0;0;;F;1;92012467037685;;;;4781400;4781;;0;4781400;;R;84240000
008;377;;PRM GETULIO VARGAS;SEVERINO DE ALMEIDA;SL 03;620;4523;RS;4308904;0;0;;F;1;92012467037766;;;;4781400;4781;;0;4781400;;AV;99900000
008;378;;PRM SAO LOURENCO D OESTE;Ernesto Beuter;;1142;4534;SC;4216909;0;0;;F;1;92012467037847;;;;4781400;4781;;0;4781400;;R;89990000
008;379;;PRM CORONEL VIVIDA;GENEROSO MARQUES;;786;4552;PR;4106506;0;0;;F;1;92012467037928;;;;4781400;4781;;0;4781400;;AV;85550000
008;380;;PRM AMPERE;XV DE NOVEMBRO;SL 01;1206;4553;PR;4101002;0;0;;F;1;92012467038061;;;;4781400;4781;;0;4781400;;R;85640000
008;381;;PRM LARANJEIRAS DO SUL;XV DE NOVEMBRO;;2223;4554;PR;4113304;0;0;;F;1;92012467038142;;;;4781400;4781;;0;4781400;;R;85301050
008;382;;PRM SAO LOURENCO DO SUL;SENADOR PINHEIRO MACHADO;;618;4571;RS;4318804;0;0;;F;1;92012467038223;;;;4781400;4781;;0;4781400;;R;96170000
008;383;;PRM MARAVILHA;SETE DE SETEMBRO;SALA 101;662;4572;SC;4210506;0;0;;F;1;92012467038304;;;;4781400;4781;;0;4781400;;AV;89874000
008;384;;PRM ARROIO DO MEIO;VISCONDE DO RIO BRANCO;503 507;497;2736;RS;4301008;0;0;;F;1;92012467038495;;;;4781400;4781;;0;4781400;;R;95940000
008;385;;PRM VENANCIO AIRES;OSVALDO ARANHA;;1458;629;RS;4322608;0;0;;F;1;92012467038576;;;;4781400;4781;;0;4781400;;R;95800000
008;386;;PRM IGREJINHA;GENERAL ERNESTO DORNELES;SALA 01;391;4573;RS;4310108;0;0;;F;1;92012467038657;;;;4781400;4781;;0;4781400;;R;95650000
008;387;;PRM PALMAS;AUGUSTO GUIMARAES;;1008;4614;PR;4117602;0;0;;F;1;92012467038738;;;;4781400;4781;;0;4781400;;R;85555000
008;388;;TOT NOVA PRATA;PRESIDENTE VARGAS;;577;2233;RS;4313300;0;0;;F;1;92012467038819;;;;4781400;4781;;0;4781400;;AV;95320000
008;389;;PRM CARAZINHO;FLORES DA CUNHA;;4191;63;RS;4304705;0;0;;F;1;92012467038908;;;;4781400;4781;;0;4781400;;AV;99500000
008;390;;GRZ VIAMAO;REVERENDO AMERICO VESPUCIO CABRAL;;368;596;RS;4323002;0;0;;F;1;92012467039033;;;;4781400;4781;;0;4781400;;R;94410300
008;391;;PRM RIO PARDO;GENERAL ANDRADE NEVES;;356;4653;RS;4315701;0;0;;F;1;92012467039114;;;;4781400;4781;;0;4781400;;R;96640000
008;392;;TOT ARROIO GRANDE;VISCONDE DE MAUA;;821;2819;RS;4301305;0;0;;F;1;92012467039203;;;;4759899;4781;;0;4759899;;R;96330000
008;393;;PRM REALEZA;BRUNO ZUTTION;SALA 11;3477;4602;PR;4121406;0;0;;F;1;92012467039386;;;;4781400;4781;;0;4781400;;AV;85770000
008;394;;TOT CARAZINHO;FLORES DA CUNHA;;4189;63;RS;4304705;0;0;;F;1;92012467039467;;;;4781400;4781;;0;4781400;;AV;99500000
008;395;;FRG CHAPECO;MARECHAL JOSE B BORMANN;E;119;249;SC;4204202;0;0;;F;1;92012467039548;;;;4781400;4781;;0;4781400;;R;89802120
008;396;;PRM CONCORDIA;ORESTES FARINA;SALA A;205;267;SC;4204301;0;0;;F;1;92012467039629;;;;4781400;4781;;0;4781400;;R;89700071
008;397;;PRM TEUTONIA;TRES DE OUTUBRO;SALA 02;298;4767;RS;4321451;0;0;;F;1;92012467039700;;;;4781400;4781;;0;4781400;;R;95890000
008;398;;PRM PINHAO;QUINZE DE NOVEMBRO;SL COMERCIAL;115;4728;PR;4119301;0;0;;F;1;92012467039890;;;;4781400;4781;;0;4781400;;R;85170000
008;399;;PRM SANTIAGO;TITO BECCON;TERREA;1455;179;RS;4317400;0;0;;F;1;92012467039971;;;;4781400;4781;;0;4781400;;R;97700400
008;400;;PRM SANTA MARIA;MEDIANEIRA;;1092;18;RS;4316907;0;0;;F;1;92012467040040;;;;4781400;4781;;0;4781400;;AV;97060003
008;401;;PRM JULIO DE CASTILHOS;BARAO DO RIO BRANCO;;260;4763;RS;4311205;0;0;;F;1;92012467040120;;;;4781400;4781;;0;4781400;;R;98130000
008;402;;TOT SANTA MARIA;DO ACAMPAMENTO;SALA 01;244;18;RS;4316907;0;0;;F;1;92012467040201;;;;4759899;4781;;0;4759899;;R;97050240
008;403;;PRM GUARAPUAVA;CAPITAO ROCHA;;1675;952;PR;4109401;0;0;;F;1;92012467040392;;;;4781400;4781;;0;4781400;;R;85010270
008;404;;PRM FREDERICO WESTPHALEN;DO COMERCIO;SALA 101;499;4219;RS;4308508;0;0;;F;1;92012467040473;;;;4781400;4781;;0;4781400;;R;98400000
008;405;;PRM ITAQUI;DAVID CANABARRO;;1200;486;RS;4310603;0;0;;F;1;92012467040554;;;;4781400;4781;;0;4781400;;R;97650000
008;406;;TOT SAO FRANCISCO DE ASSIS;13 DE JANEIRO;;1244;3083;RS;4318101;0;0;;F;1;92012467040635;;;;4759899;4781;;0;4759899;;R;97610000
008;407;;PRM RESTINGA SECA;JULIO DE CASTILHOS;;615;4804;RS;4315503;0;0;;F;1;92012467040716;;;;4781400;4781;;0;4781400;;AV;97200000
008;408;;PRM CLEVELANDIA;CORONEL MANOEL FERREIRA BELLO;;136;4821;PR;4105706;0;0;;F;1;92012467040805;;;;4781400;4781;;0;4781400;;R;85530000
008;409;;TOT PANAMBI;BARAO DO RIO BRANCO;;910;2528;RS;4313904;0;0;;F;1;92012467040988;;;;4759899;4781;;0;4759899;;R;98280000
008;410;;TOT SAO SEPE;CLEMENCIANO BARNASQUE;;1484;3345;RS;4319604;0;0;;F;1;92012467041011;;;;4759899;4781;;0;4759899;;R;97340000
008;411;;PRM ALEGRETE;DOS ANDRADAS;SALA TERREA;657;317;RS;4300406;0;0;;F;1;92012467041100;;;;4781400;4781;;0;4781400;;R;97541001
008;412;;PRM SAO LEOPOLDO;PAROBE;;464;211;RS;4318705;0;0;;F;1;92012467041283;;;;4781400;4781;;0;4781400;;AV;93125000
008;413;;FRG SAO LEOPOLDO;PRIMEIRO DE MARCO;;658;117;RS;4318705;0;0;;F;1;92012467041364;;;;4781400;4781;;0;4781400;;R;93010210
008;414;;TOT GIRUA;FRANCISCO LEOPOLDO UHRY;;230;2276;RS;4309001;0;0;;F;1;92012467041445;;;;4759899;4781;;0;4759899;;R;98870970
008;415;;GRZ CACAPAVA DO SUL;15 DE NOVEMBRO;;539;440;RS;4302808;0;0;;F;1;92012467041526;;;;4781400;4781;;0;4781400;;R;96570970
008;416;;TOT FRAIBURGO;NEREU RAMOS;;552;2538;SC;4205506;0;0;;F;1;92012467041607;;;;4759899;4781;;0;4759899;;R;89580000
008;417;;FRG PASSO FUNDO;CORONEL CHICUTA;SALA 107;355;2;RS;4314100;0;0;;F;1;92012467041798;;;;4781400;4781;;0;4781400;;R;99010050
008;418;;PRM SAO MATEUS DO SUL;DOM PEDRO II;;552;4984;PR;4125605;0;0;;F;1;92012467041879;;;;4781400;4781;;0;4781400;;R;83900000
008;419;;PRM SEBERI;GENERAL FLORES DA CUNHA;;1048;4898;RS;4320206;0;0;;F;1;92012467041950;;;;4781400;4781;;0;4781400;;AV;98380970
008;420;;PRM PELOTAS;VINTE DE SETEMBRO;;482;330;RS;4314407;0;0;;F;1;92012467042093;;;;4781400;4781;;0;4781400;;PC;96015360
008;421;;FRG SANTA MARIA;DAS DORES;SALA 233;305;18;RS;4316907;0;0;;F;1;92012467042174;;;;4781400;4781;;0;4781400;;AV;97050530
008;422;;PRM XANXERE;JOSE DE MIRANDA RAMOS;;100;525;SC;4219507;0;0;;F;1;92012467042255;;;;4781400;4781;;0;4781400;;R;89820000
008;423;;PRM CONSTANTINA;PRESIDENTE VARGAS;;454;4957;RS;4305801;0;0;;F;1;92012467042336;;;;4781400;4781;;0;4781400;;AV;99680000
008;424;;PRM CANOAS;RIO GRANDE DO SUL;;217;1070;RS;4304606;0;0;;F;1;92012467042417;;;;4781400;4781;;0;4781400;;R;92330000
008;425;;GRZ CANOINHAS;FRANCISCO DE PAULA PEREIRA;;564;884;SC;4203808;0;0;;F;1;92012467042506;;;;4781400;4781;;0;4781400;;R;89460970
008;427;;PRM CORREIA PINTO;BELIZARIO RAMOS;;58;4976;SC;4204558;0;0;;F;1;92012467042760;;;;4781400;4781;;0;4781400;;R;88535000
008;428;;TOT SANTANA DO LIVRAMENTO;DOS ANDRADAS;;559;147;RS;4317103;0;0;;F;1;92012467042840;;;;4759899;4781;;0;4759899;;R;97573565
008;429;;GRZ PELOTAS;MARECHAL FLORIANO PEIXOTO;E 158 A;158;330;RS;4314407;0;0;;F;1;92012467042921;;;;4781400;4781;;0;4781400;;R;96015440
008;430;;GRZ SANTANA DO LIVRAMENTO;DOS ANDRADAS;;385;147;RS;4317103;0;0;;F;1;92012467043065;;;;4781400;4781;;0;4781400;;R;97573565
008;431;;TOT SAO LUIZ GONZAGA;SENADOR PINHEIRO MACHADO;;2445;152;RS;4318903;0;0;;F;1;92012467043146;;;;4759899;4781;;0;4759899;;AV;97800000
008;432;;PRM PASSO FUNDO;PRESIDENTE VARGAS;SALA A;20;8;RS;4314100;0;0;;F;1;92012467043227;;;;4781400;4781;;0;4781400;;AV;99070000
008;433;;PRM SANTO ANTONIO DAS MISSOES;ASSIS ANTONIO DIAS;;3440;5028;RS;4317707;0;0;;F;1;92012467043308;;;;4781400;4781;;0;4781400;;R;97870000
008;434;;TOT CANOINHAS;CORONEL ALBUQUERQUE;;741;884;SC;4203808;0;0;;F;1;92012467043499;;;;4781400;4781;;0;4781400;;R;89460000
008;435;;PRM CANOINHAS;CORONEL ALBUQUERQUE;SALA 03;747;884;SC;4203808;0;0;;F;1;92012467043570;;;;4781400;4781;;0;4781400;;R;89460000
008;436;;PRM OTACILIO COSTA;BAHIA;;55;5046;SC;4211751;0;0;;F;1;92012467043650;;;;4781400;4781;;0;4781400;;R;88540000
008;437;;GRZ SAO LUIZ GONZAGA;SENADOR PINHEIRO MACHADO;;2465;152;RS;4318903;0;0;;F;1;92012467043731;;;;4781400;4781;;0;4781400;;AV;97800000
008;438;;GRZ IBIRUBA;SETE DE SETEMBRO;;1122;2936;RS;4310009;0;0;;F;1;92012467043812;;;;4781400;4781;;0;4781400;;R;98200970
008;439;;GRZ TRES PASSOS;BENTO GONCALVES;;383;237;RS;4321907;0;0;;F;1;92012467043901;;;;4781400;4781;;0;4781400;;R;98600970
008;440;;PRM ABELARDO LUZ;CASTELO BRANCO;SALA 01;1578;5160;SC;4200101;0;0;;F;1;92012467044037;;;;4781400;4781;;0;4781400;;AV;89830000
008;441;;PRM LAGES;MARECHAL FLORIANO;;373;491;SC;4209300;0;0;;F;1;92012467044118;;;;4781400;4781;;0;4781400;;AV;88501103
008;442;;PRM FAXINAL DO SOTURNO;VICENTE PIGATTO;;950;5185;RS;4308003;0;0;;F;1;92012467044207;;;;4781400;4781;;0;4781400;;AV;97220970
008;443;;TOT SANTA BARBARA DO SUL;CORONEL VITOR DUMONCEL;;1275;4390;RS;4316709;0;0;;F;1;92012467044380;;;;4781400;4781;;0;4781400;;AV;98240000
008;444;;PRM SOBRADINHO;GENERAL OSORIO;;99;5203;RS;4320701;0;0;;F;1;92012467044460;;;;4781400;4781;;0;4781400;;R;96900000
008;445;;GRZ SANTIAGO;TITO BECCON;;1445;179;RS;4317400;0;0;;F;1;92012467044541;;;;4781400;4781;;0;4781400;;R;97700400
008;446;;TOT JULIO DE CASTILHOS;GETULIO VARGAS;;16;4763;RS;4311205;0;0;;F;1;92012467044622;;;;4759899;4781;;0;4759899;;AV;98130000
008;447;;PRM URUGUAIANA;DOMINGOS DE ALMEIDA;;2027;262;RS;4322400;0;0;;F;1;92012467044703;;;;4781400;4781;;0;4781400;;R;97501633
008;448;;PRM TAQUARA;MARECHAL FLORIANO;;1511;3686;RS;4321204;0;0;;F;1;92012467044894;;;;4781400;4781;;0;4781400;;R;95600032
008;449;;PRM SAO JOAQUIM;LAURO MULLER;SALA 203;207;5282;SC;4216503;0;0;;F;1;92012467044975;;;;4781400;4781;;0;4781400;;R;88600000
008;450;;PRM FAXINAL DOS GUEDES;SAO JOAO;;381;5334;SC;4205308;0;0;;F;1;92012467045009;;;;4781400;4781;;0;4781400;;AV;89694000
008;451;;PRM SAO BORJA;CANDIDO FALCAO;SALA 02;940;165;RS;4318002;0;0;;F;1;92012467045190;;;;4781400;4781;;0;4781400;;R;97670000
008;452;;TOT SANTO AUGUSTO;INDEPENDENCIA;SALA 1;214;3457;RS;4317806;0;0;;F;1;92012467045270;;;;4759899;4781;;0;4759899;;R;98590000
008;453;;PRM RODEIO BONITO;DO COMERCIO;;990;5351;RS;4315909;0;0;;F;1;92012467045351;;;;4781400;4781;;0;4781400;;AV;98360000
008;454;;PRM ARVOREZINHA;DALTRO FILHO;;115;5341;RS;4301404;0;0;;F;1;92012467045432;;;;4781400;4781;;0;4781400;;R;95995000
008;455;;GRZ ITAQUI;QUINZE DE NOVEMBRO;;691;486;RS;4310603;0;0;;F;1;92012467045513;;;;4781400;4781;;0;4781400;;R;97650970
008;456;;PRM ERVAL SECO;HARRY LUERSEN;;184;4939;RS;4307302;0;0;;F;1;92012467045602;;;;4781400;4781;;0;4781400;;AV;98390970
008;457;;PRM SAO DOMINGOS;BENJAMIN CONSTANT;;1078;5366;SC;4216107;0;0;;F;1;92012467045785;;;;4781400;4781;;0;4781400;;R;89835000
008;458;;PRM ENCANTADO;BARAO DO RIO BRANCO;;617;5396;RS;4306809;0;0;;F;1;92012467045866;;;;4781400;4781;;0;4781400;;R;95960000
008;459;;PRM SAO GABRIEL;CORONEL SOARES;;796;160;RS;4318309;0;0;;F;1;92012467045947;;;;4781400;4781;;0;4781400;;R;97300000
008;460;;PRM SOLEDADE;MARECHAL FLORIANO PEIXOTO;;909;1175;RS;4320800;0;0;;F;1;92012467046080;;;;4781400;4781;;0;4781400;;AV;99300000
008;461;;GRZ VENANCIO AIRES;OSVALDO ARANHA;;1685;629;RS;4322608;0;0;;F;1;92012467046161;;;;4781400;4781;;0;4781400;;R;95800000
008;462;;TOT TUPANCIRETA;VAZ FERREIRA;;776;3347;RS;4322202;0;0;;F;1;92012467046242;;;;4759899;4781;;0;4759899;;AV;98170000
008;463;;TOT CAMAQUA;JULIO DE CASTILHOS;sala terrea;662;156;RS;4303509;0;0;;F;1;92012467046323;;;;4759899;4781;;0;4759899;;R;96780072
008;464;;GRZ FREDERICO WESTPHALEN;DO COMERCIO;SALA 01;355;4219;RS;4308508;0;0;;F;1;92012467046404;;;;4781400;4781;;0;4781400;;R;98400000
008;465;;PRM SAO JERONIMO;CORONEL SOARES DE CARVALHO;;518;5425;RS;4318408;0;0;;F;1;92012467046595;;;;4781400;4781;;0;4781400;;R;96700000
008;466;;GRZ AGUDO;CONCORDIA;;624;4180;RS;4300109;0;0;;F;1;92012467046676;;;;4781400;4781;;0;4781400;;AV;96540000
008;467;;TOT ALEGRETE;DOS ANDRADAS;;599;317;RS;4300406;0;0;;F;1;92012467046757;;;;4759899;4781;;0;4759899;;R;97541001
008;468;;PRM CRUZ ALTA;PINHEIRO MACHADO;;854;135;RS;4306106;0;0;;F;1;92012467046838;;;;4781400;4781;;0;4781400;;R;98005000
008;469;;PRM CARAZINHO;FLORES DA CUNHA;;633;63;RS;4304705;0;0;;F;1;92012467046919;;;;4781400;4781;;0;4781400;;AV;99500000
008;470;;PRM CHAPECO;SENADOR ATTILIO FRANCISCO;;2160;3295;SC;4204202;0;0;;F;1;92012467047052;;;;4781400;4781;;0;4781400;;AV;89809505
008;471;;GRZ ESPUMOSO;ANGELO MACALOS;;366;4171;RS;4307500;0;0;;F;1;92012467047133;;;;4781400;4781;;0;4781400;;AV;99400000
008;472;;PRM RONDA ALTA;XV DE NOVEMBRO;;767;5553;RS;4316105;0;0;;F;1;92012467047214;;;;4781400;4781;;0;4781400;;R;99670000
008;473;;GRZ NOVA HARTZ;EMILIO JOST;;223;4448;RS;4313060;0;0;;F;1;92012467047303;;;;4781400;4781;;0;4781400;;R;93890000
008;474;;TOT TRES DE MAIO;PADRE CACIQUE;TERREO;990;754;RS;4321808;0;0;;F;1;92012467047486;;;;4759899;4781;;0;4759899;;R;98910970
008;475;;PRM CHAPECO;MARECHAL JOSE B BORMANN;;119;249;SC;4204202;0;0;;F;1;92012467047567;;;;4781400;4781;;0;4781400;;R;89802120
008;476;;GRZ SANTO AUGUSTO;DO COMERCIO;;617;3457;RS;4317806;0;0;;F;1;92012467047648;;;;4781400;4781;;0;4781400;;AV;98590970
008;477;;GRZ TAPEJARA;QUINZE DE NOVEMBRO;;124;3344;RS;4320909;0;0;;F;1;92012467047729;;;;4781400;4781;;0;4781400;;R;99950970
008;478;;GRZ TUPANCIRETA;VAZ FERREIRA;SALA 02;1346;3347;RS;4322202;0;0;;F;1;92012467047800;;;;4781400;4781;;0;4781400;;AV;98170970
008;479;;PRM TAPERA;DUQUE DE CAXIAS;;590;5655;RS;4321006;0;0;;F;1;92012467047990;;;;4781400;4781;;0;4781400;;R;99490000
008;480;;PRM TUPANCIRETA;VAZ FERREIRA;LOJA 01;1346;3347;RS;4322202;0;0;;F;1;92012467048024;;;;4781400;4781;;0;4781400;;AV;98170970
008;481;;PRM PORTO ALEGRE;PROTASIO ALVES;SALA 02;5735;1636;RS;4314902;0;0;;F;1;92012467048105;;;;4781400;4781;;0;4781400;;AV;91310003
008;482;;GRZ LAGOA VERMELHA;AFONSO PENA;SALA 02;581;272;RS;4311304;0;0;;F;1;92012467048296;;;;4781400;4781;;0;4781400;;AV;95300000
008;483;;PRM SAO MIGUEL DO OESTE;SANTOS DUMONT;SALA 01;525;1730;SC;4217204;0;0;;F;1;92012467048377;;;;4781400;4781;;0;4781400;;R;89900000
008;484;;PRM CACADOR;BARAO DO RIO BRANCO;;875;631;SC;4203006;0;0;;F;1;92012467048458;;;;4781400;4781;;0;4781400;;AV;89500019
008;485;;GRZ CACADOR;BARAO DO RIO BRANCO;;875;631;SC;4203006;0;0;;F;1;92012467048539;;;;4781400;4781;;0;4781400;;AV;89500019
008;486;;PRM NOVO HAMBURGO;LIMA E SILVA;;433;857;RS;4313409;0;0;;F;1;92012467048610;;;;4781400;4781;;0;4781400;;R;93510030
008;487;;PRM SAPIRANGA;SAO PEDRO;;66;3297;RS;4319901;0;0;;F;1;92012467048709;;;;4781400;4781;;0;4781400;;R;93800000
008;488;;GRZ NOVO HAMBURGO;CINCO DE ABRIL;;614;603;RS;4313409;0;0;;F;1;92012467048881;;;;4781400;4781;;0;4781400;;R;93510036
008;489;;PRM ESTRELA;CORONEL MUSSNICH;;566;2581;RS;4307807;0;0;;F;1;92012467048962;;;;4781400;4781;;0;4781400;;R;95880000
008;490;;GRZ MONTENEGRO;RAMIRO BARCELOS;SALA 1;1883;255;RS;4312401;0;0;;F;1;92012467049004;;;;4781400;4781;;0;4781400;;R;95780000
008;491;;GRZ LAJEADO;CORONEL JOAO BATISTA DE MELLO;;234;1123;RS;4311403;0;0;;F;1;92012467049187;;;;4781400;4781;;0;4781400;;R;95900182
008;492;;GRZ PIRATINI;CERRO ALEGRE;;1;5834;RS;4314605;0;0;;F;1;92012467049268;;;;4781400;4781;;0;4781400;;EST;96490000
008;493;;PRM PASSO FUNDO;BRASIL LESTE;;1055;5;RS;4314100;0;0;;F;1;92012467049349;;;;4781400;4781;;0;4781400;;AV;99050073
008;494;;TOT TRIUNFO;LUIZ BARRETO;;519;3313;RS;4322004;0;0;;F;1;92012467049420;;;;4759899;4781;;0;4759899;;R;95840000
008;495;;FRG LAJEADO;ALBERTO TORRES;LOJA 01;517;1123;RS;4311403;0;0;;F;1;92012467049500;;;;4781400;4781;;0;4781400;;R;95900000
008;496;;TOT RIO PARDO;JOAO PESSOA;;750;4653;RS;4315701;0;0;;F;1;92012467049691;;;;4759899;4781;;0;4759899;;R;96640000
008;497;;PRM CORONEL BICACO;PRESIDENTE VARGAS;;1344;5866;RS;4305900;0;0;;F;1;92012467049772;;;;4781400;4781;;0;4781400;;AV;98580000
008;498;;GRZ PASSO FUNDO;PRESIDENTE VARGAS;LOJA 02 E 03;1845;10;RS;4314100;0;0;;F;1;92012467049853;;;;4781400;4781;;0;4781400;;AV;99070000
008;499;;TOT PASSO FUNDO;PRESIDENTE VARGAS;LOJA 01;1845;10;RS;4314100;0;0;;F;1;92012467049934;;;;4759899;4781;;0;4759899;;AV;99070000
008;500;;PRM CAXIAS DO SUL;JULIO DE CASTILHOS;;2785;44;RS;4305108;0;0;;F;1;92012467050002;;;;4781400;4781;;0;4781400;;AV;95010005
008;501;;TOT ERECHIM;TIRADENTES;;308;181;RS;4307005;0;0;;F;1;92012467050193;;;;4759899;4781;;0;4759899;;AV;99700424
008;502;;GRZ PASSO FUNDO;BRASIL LESTE;E 969;955;5;RS;4314100;0;0;;F;1;92012467050274;;;;4781400;4781;;0;4781400;;AV;99050073
008;503;;TOT TRES COROAS;MUNDO NOVO;;184;3557;RS;4321709;0;0;;F;1;92012467050355;;;;4781400;4781;;0;4781400;;R;95660000
008;504;;GRZ CERRO LARGO;DR SEBASTIANY;;226;3811;RS;4305207;0;0;;F;1;92012467050436;;;;4781400;4781;;0;4781400;;R;97900000
008;505;;TOT CERRO LARGO;DR JOAO SEBASTIANY;LOJA 02;226;3811;RS;4305207;0;0;;F;1;92012467050517;;;;4781400;4781;;0;4781400;;R;97900000
008;506;;PRM ROSARIO DO SUL;MARECHAL FLORIANO PEIXOTO;;2260;62;RS;4316402;0;0;;F;1;92012467050606;;;;4781400;4781;;0;4781400;;R;97590000
008;507;;PRM PIRATINI;MAURICIO CARDOSO;;322;1240;RS;4314605;0;0;;F;1;92012467050789;;;;4781400;4781;;0;4781400;;AV;96490000
008;508;;GRZ MARAU;JULIO BORELLA;LOJA 103;1461;391;RS;4311809;0;0;;F;1;92012467050860;;;;4781400;4781;;0;4781400;;AV;99150000
008;509;;TOT CARAZINHO;FLORES DA CUNHA;;633;63;RS;4304705;0;0;;F;1;92012467050940;;;;4759899;4781;;0;4759899;;AV;99500000
008;510;;PRM VACARIA;JULIO DE CASTILHOS;;1593;70;RS;4322509;0;0;;F;1;92012467051084;;;;4781400;4781;;0;4781400;;R;95200000
008;511;;GRZ HORIZONTINA;URUGUAI;SALA 02;1122;3838;RS;4309605;0;0;;F;1;92012467051165;;;;4781400;4781;;0;4781400;;R;98920000
008;512;;PRM ERECHIM;JOSE OSCAR SALAZAR;;1113;522;RS;4307005;0;0;;F;1;92012467051246;;;;4781400;4781;;0;4781400;;AV;99713042
008;513;;TOT SANTO CRISTO;DOM PEDRO II;SALA TERREA;2125;4124;RS;4317905;0;0;;F;1;92012467051327;;;;4759899;4781;;0;4759899;;R;98960000
008;514;;PRM PASSO FUNDO;MOACIR DA MOTTA FORTE;SALA 02;06;12;RS;4314100;0;0;;F;1;92012467051408;;;;4781400;4781;;0;4781400;;AV;99040010
008;515;;TOT PASSO FUNDO;MOACIR DA MOTTA FORTE;;186;12;RS;4314100;0;0;;F;1;92012467051599;;;;4759899;4781;;0;4759899;;AV;99040010
008;516;;TOT ESTEIO;PRESIDENTE VARGAS;;1698;189;RS;4307708;0;0;;F;1;92012467051670;;;;4759899;4781;;0;4759899;;AV;93260048
008;517;;PRM DOIS VIZINHOS;28 DE NOVEMBRO;;259;3558;PR;4107207;0;0;;F;1;92012467051750;;;;4781400;4781;;0;4781400;;R;85660000
008;518;;PRM ITAIOPOLIS;GETULIO VARGAS;;227;6212;SC;4208104;0;0;;F;1;92012467051831;;;;4781400;4781;;0;4781400;;AV;89340970
008;519;;TOT MARAU;JULIO BORELA;SALA 01 E 02;1312;391;RS;4311809;0;0;;F;1;92012467051912;;;;4759899;5232;;0;4759899;;AV;99150970
008;520;;GRZ NONOAI;ROCHA LOIRES;;386;4482;RS;4312708;0;0;;F;1;92012467052056;;;;4781400;4781;;0;4781400;;AV;99600000
008;521;;PRM PINHEIRO MACHADO;NICO DE OLIVEIRA;;595;6219;RS;4314506;0;0;;F;1;92012467052137;;;;4781400;4781;;0;4781400;;R;96470000
008;522;;PRM PASSO FUNDO;SETE DE SETEMBRO;EDIF CULTURA;81;2;RS;4314100;0;0;;F;1;92012467052218;;;;4781400;4781;;0;4781400;;R;99010121
008;523;;GRZ CARAZINHO;FLORES DA CUNHA;;1421;63;RS;4304705;0;0;;F;1;92012467052307;;;;4781400;4781;;0;4781400;;AV;99500000
008;524;;GRZ TEUTONIA;TRES DE OUTUBRO;;207;4767;RS;4321451;0;0;;F;1;92012467052480;;;;4781400;4781;;0;4781400;;R;95890000
008;525;;FRG PASSO FUNDO;GENERAL NETTO;LOJA01;383;2;RS;4314100;0;0;;F;1;92012467052560;;;;4781400;4781;;0;4781400;;AV;99010023
008;526;;FRG SANTA MARIA;DR BOZANO;;1099;18;RS;4316907;0;0;;F;1;92012467052641;;;;4781400;4781;;0;4781400;;R;97015003
008;527;;PRM ESTRELA;MARECHAL FLORIANO;;226;2581;RS;4307807;0;0;;F;1;92012467052722;;;;4781400;4781;;0;4781400;;R;95880000
008;528;;PRM BARROS CASSAL;MAURICIO CARDOSO;SALA 03;1062;6319;RS;4302006;0;0;;F;1;92012467052803;;;;4781400;4781;;0;4781400;;AV;99360000
008;529;;GRZ PASSO FUNDO;BRASIL OESTE;LOJA 02;593;2;RS;4314100;0;0;;F;1;92012467052994;;;;4781400;4781;;0;4781400;;AV;99025001
008;530;;GRZ SANTA MARIA;PREFEITO EVANDRO BEHR;;6997;112;RS;4316907;0;0;;F;1;92012467053028;;;;4781400;4781;;0;4781400;;AV;97110800
008;531;;GRZ PALMEIRA DAS MISSOES;INDEPENDENCIA;;1355;130;RS;4313706;0;0;;F;1;92012467053109;;;;4781400;4781;;0;4781400;;AV;98300000
008;532;;PRM CASCA;TIRADENTES;SALA 101;632;6349;RS;4304903;0;0;;F;1;92012467053290;;;;4781400;4781;;0;4781400;;R;99260000
008;533;;PRM SANTA MARIA;PREFEITO EVANDRO BEHR;;6491;112;RS;4316907;0;0;;F;1;92012467053370;;;;4781400;4781;;0;4781400;;AV;97110800
008;534;;TOT LAJEADO;CORONEL FRANCISCO OSCAR KARNAL;SALA 01;235;1123;RS;4311403;0;0;;F;1;92012467053451;;;;4759899;4781;;0;4759899;;R;95900000
008;535;;PRM PALMEIRA DAS MISSOES;INDEPENDENCIA;SALA 02;1030;130;RS;4313706;0;0;;F;1;92012467053532;;;;4781400;4781;;0;4781400;;AV;98300000
008;536;;GRZ GETULIO VARGAS;DR JOAO CARLOS MACHADO;;275;4523;RS;4308904;0;0;;F;1;92012467053613;;;;4781400;4781;;0;4781400;;R;99900000
008;537;;PRM SANTO ANGELO;SAGRADA FAMILIA;Sala 02;1141;3715;RS;4317509;0;0;;F;1;92012467053702;;;;4781400;4781;;0;4781400;;AV;98807345
008;538;;TOT GETULIO VARGAS;JOAO CARLOS MACHADO;;215;4523;RS;4308904;0;0;;F;1;92012467053885;;;;4759899;4781;;0;4759899;;R;99900000
008;539;;PRM BENTO GONCALVES;JULIO DE CASTILHOS;;331;36;RS;4302105;0;0;;F;1;92012467053966;;;;4781400;4781;;0;4781400;;R;95700070
008;540;;GRZ SOLEDADE;JULIO DE CASTILHOS;;;1175;RS;4320800;0;0;;F;1;92012467054008;;;;4781400;4781;;0;4781400;;AV;99300000
008;541;;GRZ ROSARIO DO SUL;JOAO BRASIL;;1309;62;RS;4316402;0;0;;F;1;92012467054180;;;;4781400;4781;;0;4781400;;R;97590000
008;542;;PRM PALMITINHO;DUQUE DE CAXIAS;SALA 102;570;6523;RS;4313805;0;0;;F;1;92012467054261;;;;4781400;4781;;0;4781400;;R;98430000
008;543;;PRM GARIBALDI;EMIDIO JACINTO FERREIRA;SALA 02;110;6552;RS;4308607;0;0;;F;1;92012467054342;;;;4781400;4781;;0;4781400;;R;95720000
008;544;;GRZ GARIBALDI;BUARQUE DE MACEDO;;3341;6552;RS;4308607;0;0;;F;1;92012467054423;;;;4781400;4781;;0;4781400;;R;95720000
008;545;;PRM SELBACH;VINTE E CINCO DE JULHO;;590;6551;RS;4320305;0;0;;F;1;92012467054504;;;;4781400;4781;;0;4781400;;AV;99450000
008;546;;PRM RIO GRANDE;GENERAL BACELAR;;254;1090;RS;4315602;0;0;;F;1;92012467054695;;;;4781400;4781;;0;4781400;;R;96200370
008;547;;PRM GUARANI DAS MISSOES;SAO LUIS;;1241;6620;RS;4309506;0;0;;F;1;92012467054776;;;;4781400;4781;;0;4781400;;R;97950000
008;548;;GRZ PANAMBI;SETE DE SETEMBRO;SALA TERREA;200;2528;RS;4313904;0;0;;F;1;92012467054857;;;;4781400;4781;;0;4781400;;R;98280000
008;549;;PASSO FUNDO;VALENTIN GRAZZIOTIN;;177;10;RS;4314100;0;0;;F;1;92012467054938;;;;4781400;4781;;0;4781400;;R;99060030
008;550;;PRM PLANALTO;DOM PEDRO II;;802;6628;RS;4314704;0;0;;F;1;92012467055071;;;;4781400;4781;;0;4781400;;R;98470000
008;551;;PRM BOA VISTA DO BURICA;SAO JOSE;;1064;1179;RS;4302204;0;0;;F;1;92012467055152;;;;4781400;4781;;0;4781400;;AV;98918000
008;552;;PRM CATUIPE;RIO BRANCO;;752;6625;RS;4305009;0;0;;F;1;92012467055233;;;;4781400;4781;;0;4781400;;AV;98770000
008;553;;PRM BOSSOROCA;CORONEL JOAO LUIZ NASCIMENTO;SALA 1B;490;6659;RS;4302501;0;0;;F;1;92012467055314;;;;4781400;4781;;0;4781400;;R;97850000
008;554;;TOT BAGE;AV SETE SETEMBRO;SL COMERCIAL;765;256;RS;4301602;0;0;;F;1;92012467055403;;;;4759899;4781;;0;4759899;;R;96400370
008;555;;GRZ CAMAQUA;PRESIDENTE VARGAS;;617;156;RS;4303509;0;0;;F;1;92012467055586;;;;4781400;4781;;0;4781400;;R;96780072
008;556;;GRZ TAPERA;XV DE NOVEMBRO;;1050;5655;RS;4321006;0;0;;F;1;92012467055667;;;;4781400;4781;;0;4781400;;AV;99490000
008;557;;PRM SALTO DO JACUI;PIO DOZE;SALA 02;1761;6673;RS;4316451;0;0;;F;1;92012467055748;;;;4759899;4781;;0;4759899;;AV;99440000
008;558;;GRZ PIRAI DO SUL;IZIDORO DOIN;SALA 02;178;4618;PR;4119400;0;0;;F;1;92012467055829;;;;4781400;4781;;0;4781400;;R;84240000
008;559;;PRM HERVAL DOESTE;PINHEIRO MACHADO;;71;6663;SC;4206702;0;0;;F;1;92012467055900;;;;4781400;4781;;0;4781400;;TRAV;89610000
008;560;;PRM CUNHA PORA;RUI BARBOSA;SALA 02;202;6683;SC;4204707;0;0;;F;1;92012467056043;;;;4781400;4781;;0;4781400;;R;89890000
008;561;;TOT CANGUCU;JULIO DE CASTILHOS;;1619;3531;RS;4304507;0;0;;F;1;92012467056124;;;;4759899;4781;;0;4759899;;R;96600000
008;562;;PRM CARLOS BARBOSA;RIO BRANCO;LOJA TERREA;88;6704;RS;4304804;0;0;;F;1;92012467056205;;;;4781400;4781;;0;4781400;;R;95185000
008;563;;GRZ SAO SEBASTIAO DO CAI;PINHEIRO MACHADO;SALA 2A E 3A;777;4272;RS;4319505;0;0;;F;1;92012467056396;;;;4781400;4781;;0;4781400;;R;95760000
008;564;;PRM CORONEL FREITAS;SANTA CATARINA;TERREO;1200;6697;SC;4204400;0;0;;F;1;92012467056477;;;;4781400;4781;;0;4781400;;AV;89840000
008;565;;GRZ SAO MIGUEL DO OESTE;SANTOS DUMONT;SALA 1;519;1730;SC;4217204;0;0;;F;1;92012467056558;;;;4781400;4781;;0;4781400;;R;89900000
008;566;;GZT PORTO ALEGRE;VOLUNTARIO DA PATRIA;LOJA 170;294;52;RS;4314902;0;0;;F;1;92012467056639;;;;4781400;4781;;0;4781400;;R;90030001
008;567;;GRZ JAGUARAO;QUINZE DE NOVEMBRO;SL COMERCIAL;249;475;RS;4311007;0;0;;F;1;92012467056710;;;;4781400;4781;;0;4781400;;R;96300000
008;568;;GRZ RIO PARDO;JOAO PESSOA;LOJA TERREA;751;4653;RS;4315701;0;0;;F;1;92012467056809;;;;4781400;4781;;0;4781400;;R;96640000
008;569;;GRZ FRAIBURGO;PADRE BIAGGIO SIMONETTI;SL COMERCIAL;254;2538;SC;4205506;0;0;;F;1;92012467056981;;;;4781400;4781;;0;4781400;;R;89580000
008;570;;GRZ MARAVILHA;SETE DE SETEMBRO;SALA 1 E 2;4711;4572;SC;4210506;0;0;;F;1;92012467057015;;;;4759899;4781;;0;4759899;;AV;89874000
008;571;;PRM MARMELEIRO;DAMBROS E PIVA;SALA 1;765;6768;PR;4115408;0;0;;F;1;92012467057104;;;;4781400;4781;;0;4781400;;AV;85614020
008;572;;TOT SAO MIGUEL DO OESTE;SANTOS DUMONT;SALA 01;300;1730;SC;4217204;0;0;;F;1;92012467057287;;;;4759899;4781;;0;4759899;;R;89900000
008;573;;PRM SANTO ANTONIO DO SUDOESTE;BRASIL;;1930;6767;PR;4124400;0;0;;F;1;92012467057368;;;;4781400;4781;;0;4781400;;AV;85710000
008;574;;PRM VERANOPOLIS;MARECHAL DEODORO DA FONSECA;LOJA 101;270;4152;RS;4322806;0;0;;F;1;92012467057449;;;;4781400;4781;;0;4781400;;R;95330000
008;575;;GRZ CLEVELANDIA;CORONEL FERREIRA BELLO;SL COMERCIAL;22;4821;PR;4105706;0;0;;F;1;92012467057520;;;;4781400;4781;;0;4781400;;R;85530000
008;576;;PRM SANTA ROSA;FLORES DA CUNHA;;1054;191;RS;4317202;0;0;;F;1;92012467057600;;;;4781400;4781;;0;4781400;;AV;98789120
008;577;;TOT PINHAO;TRIFON HANYSZ;SL COMERCIAL;194;4728;PR;4119301;0;0;;F;1;92012467057791;;;;4759899;4781;;0;4759899;;AV;85170000
008;578;;PRM CHAPADA;DUQUE DE CAXIAS;;414;6841;RS;4305306;0;0;;F;1;92012467057872;;;;4781400;4781;;0;4781400;;R;99530000
008;579;;PRM VERA CRUZ;THOMAZ GONZAGA;;592;2572;RS;4322707;0;0;;F;1;92012467057953;;;;4781400;4781;;0;4781400;;R;96880000
008;580;;GZT SANTA ROSA;OLAVO BILAC;;061;192;RS;4317202;0;0;;F;1;92012467058097;;;;4781400;4781;;0;4781400;;R;98780711
008;581;;PRM PASSO FUNDO;BRASIL OESTE;;2141;22;RS;4314100;0;0;;F;1;92012467058178;;;;4781400;4781;;0;4781400;;AV;99025503
008;582;;PRM SANTA MARIA;MARANHAO;LOJA 02;215;2622;RS;4316907;0;0;;F;1;92012467058259;;;;4781400;4781;;0;4781400;;R;97030350
008;584;;FRG PASSO FUNDO;GENERAL NETO;;183;2;RS;4314100;0;0;;F;1;92012467058410;;;;4781400;4781;;0;4781400;;R;99010022
008;585;;PRM TUPARENDI;JOAO BRANDELERO;;14;7248;RS;4322301;0;0;;F;1;92012467058500;;;;4781400;4781;;0;4781400;;R;98940000
008;587;;PRM ARROIO DO TIGRE;25 DE JULHO;;263;4201;RS;4301206;0;0;;F;1;92012467058763;;;;4781400;4781;;0;4781400;;R;96950000
008;588;;PRM PORTO UNIAO;SETE DE SETEMBRO;;163;2709;SC;4213609;0;0;;F;1;92012467058844;;;;4781400;4781;;0;4781400;;R;89400000
008;590;;TOT GUAPORE;JULIO CAMPOS;;477;3336;RS;4309407;0;0;;F;1;92012467059069;;;;4781400;4781;;0;4781400;;R;99200000
008;592;;GRZ PASSO FUNDO;PRESIDENTE VARGAS;;1094;10;RS;4314100;0;0;;F;1;92012467059220;;;;4781400;4781;;0;4781400;;AV;99070000
008;593;;PRM FONTOURA XAVIER;TIRADENTES;;166;7375;RS;4308300;0;0;;F;1;92012467059301;;;;4781400;4781;;0;4781400;;R;99370000
008;595;;PRM CHAPECO;MARECHAL DEODORO DA FONSECA;;153;249;SC;4204202;0;0;;F;1;92012467059573;;;;4781400;4781;;0;4781400;;R;89802140
008;596;;PRM IJUI;14 DE JULHO;SL 01;59;250;RS;4310207;0;0;;F;1;92012467059654;;;;4781400;4781;;0;4781400;;R;98700000
008;597;;GRZ CAXIAS DO SUL;PINHEIRO MACHADO;SALA A;1811;44;RS;4305108;0;0;;F;1;92012467059735;;;;4781400;4781;;0;4781400;;R;95020171
008;601;;PRM SANTA MARIA;BORGES DE MEDEIROS;;990;5074;RS;4316907;0;0;;F;1;92012467060156;;;;4781400;4781;;0;4781400;;R;97010080
008;602;;GRZ NAO ME TOQUE;ALTO JACUI;SALA 101;784;4200;RS;4312658;0;0;;F;1;92012467060237;;;;4781400;4781;;0;4781400;;AV;99470000
008;603;;PRM ENTRE IJUIS;INTEGRACAO;;406;6288;RS;4306932;0;0;;F;1;92012467060318;;;;4781400;4781;;0;4781400;;R;98855000
008;604;;PRM SAO PAULO DAS MISSOES;INDEPENDENCIA;;430;7413;RS;4319307;0;0;;F;1;92012467060407;;;;4781400;4781;;0;4781400;;R;97980000
008;605;;PRM ALEGRETE;ASSIS BRASIL;;684;317;RS;4300406;0;0;;F;1;92012467060580;;;;4781400;4781;;0;4781400;;AV;97543000
008;606;;GRZ GUARAPUAVA;GUAIRA;;3562;952;PR;4109401;0;0;;F;1;92012467060660;;;;4781400;4781;;0;4781400;;R;85010010
008;607;;FRG PONTA GROSSA;VICENTE MACHADO;;142;565;PR;4119905;0;0;;F;1;92012467060741;;;;4781400;4781;;0;4781400;;R;84010000
008;610;;PRM IBIRAIARAS;AUGUSTO POMATTI;;360;7453;RS;4309902;0;0;;F;1;92012467061047;;;;4781400;4781;;0;4781400;;R;95305000
008;611;;TOT ESPUMOSO;PRESIDENTE VARGAS;;94;4171;RS;4307500;0;0;;F;1;92012467061128;;;;4781400;4781;;0;4781400;;R;99400000
008;613;;PRM TRES DE MAIO;SANTA ROSA;;690;754;RS;4321808;0;0;;F;1;92012467061390;;;;4781400;4781;;0;4781400;;R;98910000
008;615;;GRZ PELOTAS;MARECHAL FLORIANO;;05;330;RS;4314407;0;0;;F;1;92012467061551;;;;4781400;4781;;0;4781400;;R;96015440
008;616;;GRZ SARANDI;ARMINIO DA SILVA;;1378;4275;RS;4320107;0;0;;F;1;92012467061632;;;;4781400;4781;;0;4781400;;R;99560000
008;617;;TOT SARANDI;ARMINIO DA SILVA;;1378;4275;RS;4320107;0;0;;F;1;92012467061713;;;;4781400;4781;;0;4781400;;R;99560000
008;618;;PRM GAURAMA;JOAO AMANDIO SPERB;SL 01;279;7564;RS;4308706;0;0;;F;1;92012467061802;;;;4781400;4781;;0;4781400;;R;99830000
008;619;;GRZ SAO JOAQUIM;MANOEL JOAQUIM PINTO;;100;5282;SC;4216503;0;0;;F;1;92012467061985;;;;4781400;4781;;0;4781400;;R;88600000
008;620;;GRZ SAO GABRIEL;CORONEL SOARES;;432;160;RS;4318309;0;0;;F;1;92012467062019;;;;4781400;4781;;0;4781400;;R;97300228
008;621;;PRM SERTAO;BRASIL;;1175;7552;RS;4320503;0;0;;F;1;92012467062108;;;;4781400;4781;;0;4781400;;AV;99170000
008;622;;PRM POUSO REDONDO;VINTE E TRES DE JULHO;SL COMERCIAL;76;7614;SC;4213708;0;0;;F;1;92012467062280;;;;4781400;4781;;0;4781400;;R;89172000
008;623;;GRZ OSORIO;MACHADO DE ASSIS;;355;4521;RS;4313508;0;0;;F;1;92012467062361;;;;4781400;4781;;0;4781400;;R;95520000
008;624;;PRM CAMPOS NOVOS;EXPEDICIONARIO JOAO BATISTA DE ALMEIDA;;205;223;SC;4203600;0;0;;F;1;92012467062442;;;;4781400;4781;;0;4781400;;R;89620000
008;625;;PRM SIDEROPOLIS;TREVISO;;218;977;SC;4217600;0;0;;F;1;92012467062523;;;;4781400;4781;;0;4781400;;R;88860000
008;626;;PRM MARAU;DUQUE DE CAXIAS;;202;391;RS;4311809;0;0;;F;1;92012467062604;;;;4781400;4781;;0;4781400;;R;99150000
008;627;;PRM ALECRIM;VEREADOR ADELMI COLOSSI;;310;7615;RS;4300307;0;0;;F;1;92012467062795;;;;4781400;4781;;0;4781400;;R;98950000
008;631;;GRZ SAO LEOPOLDO;INDEPENDENCIA;;290;117;RS;4318705;0;0;;F;1;92012467063171;;;;4781400;4781;;0;4781400;;AV;93010001
008;632;;GRZ SANTA VITORIA DO PALMAR;BARĂO DO RIO BRANCO;;673;4150;RS;4317301;0;0;;F;1;92012467063252;;;;4781400;4781;;0;4781400;;R;96230000
008;633;;GRZ SAO MATEUS DO SUL;DOM PEDRO II;;556;4984;PR;4125605;0;0;;F;1;92012467063333;;;;4781400;4781;;0;4781400;;R;83900000
008;634;;GRZ ABELARDO LUZ;GETULIO VARGAS;;871;5160;SC;4200101;0;0;;F;1;92012467063414;;;;4781400;4781;;0;4781400;;AV;89830000
008;635;;GRZ SANTO ANGELO;MARECHAL FLORIANO;;1400;176;RS;4317509;0;0;;F;1;92012467063503;;;;4781400;4781;;0;4781400;;R;98801650
008;636;;GRZ CHARQUEADAS;BENTO GONCALVES;;701;4203;RS;4305355;0;0;;F;1;92012467063686;;;;4781400;4781;;0;4781400;;AV;96745000
008;639;;TOT SOLEDADE;JULIO DE CASTILHOS;;926;1175;RS;4320800;0;0;;F;1;92012467063929;;;;4781400;4781;;0;4781400;;AV;99300000
008;640;;PRM PLANALTO;SOLEDADE;;1246;7940;PR;4119806;0;0;;F;1;92012467064062;;;;4781400;4781;;0;4781400;;R;85750000
008;641;;PRM CARAZINHO;FLORES DA CUNHA;SL 102/204;2151;63;RS;4304705;0;0;;F;1;92012467064143;;;;4781400;4781;;0;4781400;;AV;99500000
008;643;;GRZ PATO BRANCO;TUPI;;2166;141;PR;4118501;0;0;;F;1;92012467064305;;;;4781400;4781;;0;4781400;;R;85501063
008;644;;PRM PALMEIRA DAS MISSOES;INDEPENDENCIA;;815;130;RS;4313706;0;0;;F;1;92012467064496;;;;4781400;4781;;0;4781400;;AV;98300000
008;645;;PRM TRES PASSOS;AV. JULIO DE CASTILHOS;;1229;237;RS;4321907;0;0;;F;1;92012467064577;;;;4781400;4781;;0;4781400;;R;98600000
008;646;;PRM CACHOEIRA DO SUL;JULIO DE CASTILHOS;SALA 02;520;89;RS;4303004;0;0;;F;1;92012467064658;;;;4781400;4781;;0;4781400;;R;96501001
008;647;;GRZ CURITIBANOS;SALOMAO CARNEIRO DE ALMEIDA;;635;287;SC;4204806;0;0;;F;1;92012467064739;;;;4781400;4781;;0;4781400;;AV;89520000
008;648;;PRM SAO LEOPOLDO;INDEPENDENCIA;;290;117;RS;4318705;0;0;;F;1;92012467064810;;;;4759899;4781;;0;4759899;;AV;93010001
008;649;;PRM SANTA ROSA;AMERICA;;139;192;RS;4317202;0;0;;F;1;92012467064909;;;;4781400;4781;;0;4781400;;AV;98780732
008;650;;PRM GIRUA;BENTO GONÇALVES;;247;2276;RS;4309001;0;0;;F;1;92012467065034;;;;4781400;4781;;0;4781400;;R;98870000
008;651;;GRZ CAXIAS DO SUL;JULIO DE CASTILHOS;;2785;6476;RS;4305108;0;0;;F;1;92012467065115;;;;4781400;4781;;0;4781400;;AV;95013215
008;652;;GRZ GIRUA;FRANCISCO LEOPOLDO UHRY;;230;2276;RS;4309001;0;0;;F;1;92012467065204;;;;4781400;4781;;0;4781400;;R;98870000
008;653;;PRM PINHAO;TRIFON HANYSZ;;194;4728;PR;4119301;0;0;;F;1;92012467065387;;;;4781400;4781;;0;4781400;;AV;85170023
008;654;;PRM CONCORDIA;ORESTES FARINA;SL COMERCIAL;205;267;SC;4204301;0;0;;F;1;92012467065468;;;;4781400;4781;;0;4781400;;R;89700071
008;655;;GRZ PASSO FUNDO;BRASIL LESTE;SL COMERCIAL;1065;5;RS;4314100;0;0;;F;1;92012467065549;;;;4781400;4781;;0;4781400;;AV;99050073
008;656;;PRM CACAPAVA DO SUL;SETE DE SETEMBRO;SALA COMERCIAL;934;440;RS;4302808;0;0;;F;1;92012467065620;;;;4781400;4781;;0;4781400;;R;96570000
008;657;;PRM MORRO DA FUMACA;URUSSANGA;;10;8199;SC;4211207;0;0;;F;1;92012467065700;;;;4781400;4781;;0;4781400;;R;88837000
008;658;;PRM MATELANDIA;PARANA;;722;8232;PR;4115606;0;0;;F;1;92012467065891;;;;4781400;4781;;0;4781400;;AV;85887000
008;659;;PRM SAO MIGUEL DO IGUACU;DUQUE DE CAXIAS;SL COMERCIAL;950;8233;PR;4125704;0;0;;F;1;92012467065972;;;;4781400;4781;;0;4781400;;R;85877000
008;660;;GRZ URUGUAIANA;DUQUE DE CAXIAS;;1530;262;RS;4322400;0;0;;F;1;92012467066006;;;;4781400;4781;;0;4781400;;R;97501584
008;661;;GRZ ITAQUI;DAVID CANABARRO;;1200;486;RS;4310603;0;0;;F;1;92012467066197;;;;4781400;4781;;0;4781400;;R;97650000
008;662;;GRZ TRES DE MAIO;RUA SENADOR ALBERTO PASQUALINE;;230;754;RS;4321808;0;0;;F;1;92012467066278;;;;4781400;4781;;0;4781400;;R;98910000
008;663;;PRM TOLEDO;AV MARIPA;LOJA 01- 1 PAV.;5018;105;PR;4127700;0;0;;F;1;92012467066359;;;;4781400;4781;;0;4781400;;AV;85901000
008;664;;PRM GRAVATAI;DORIVAL CANDIDO LUZ DE OLIVEIRA;;5206;1959;RS;4309209;0;0;;F;1;92012467066430;;;;4781400;4781;;0;4781400;;AV;94030001
008;665;;PRM LAURO MULLER;WALTER VETERLI;SL 02;80;8252;SC;4209607;0;0;;F;1;92012467066510;;;;4781400;4781;;0;4781400;;R;88880000
008;666;;PRM NOVA SANTA ROSA;AV. SANTO CRISTO;;881;8259;PR;4117222;0;0;;F;1;92012467066600;;;;4781400;4781;;0;4781400;;AV;85930500
008;667;;PRM CASCAVEL;SETE DE SETEMBRO;SL COMERCIAL;2829;289;PR;4104808;0;0;;F;1;92012467066782;;;;4781400;4781;;0;4781400;;R;85801140
008;668;;PRM BAGE;GENERAL SAMPAIO;SALA 03;150;256;RS;4301602;0;0;;F;1;92012467066863;;;;4781400;4781;;0;4781400;;R;96400370
008;7002;;GZT CACHOEIRINHA;FLORES DA CUNHA;;984;390;RS;4303103;0;0;;F;1;92012467000250;;;;4781400;5232;;0;4781400;;AV;94910001
008;7005;;GZT CARAZINHO;FLORES DA CUNHA;;2299;63;RS;4304705;0;0;;F;1;92012467000501;;;;4781400;5232;;0;4781400;;AV;99500000
008;7007;;GZT CRUZ ALTA;VENANCIO AYRES;;1301;135;RS;4306106;0;0;;F;1;92012467000765;;;;4781400;5232;;0;4781400;;R;98005096
008;7008;;GZT PALMEIRA DAS MISSOES;INDEPENDENCIA;SL 2;1040;130;RS;4313706;0;0;;F;1;92012467000846;;;;4759899;4781;;0;4759899;;AV;98300000
008;7009;;GZT IJUI;ERNESTO ALVES;;173;250;RS;4310207;0;0;;F;1;92012467000927;;;;4781400;5232;;0;4781400;;R;98700000
008;7015;;GZT SANTO ANGELO;MARECHAL FLORIANO PEIXOTO;;1387;176;RS;4317509;0;0;;F;1;92012467001575;;;;4781400;5232;;0;4781400;;R;98801650
008;7020;;GZT FREDERICO WESTPHALEN;ARTHUR MILANI;;650;4219;RS;4308508;0;0;;F;1;92012467002032;;;;4781400;5232;;0;4781400;;R;98400000
008;7022;;GZT CANOAS;QUINZE DE JANEIRO;;481;294;RS;4304606;0;0;;F;1;92012467002202;;;;4781400;5232;;0;4781400;;R;92010300
008;7024;;GZT TRES PASSOS;BENTO GONCALVES;;411;237;RS;4321907;0;0;;F;1;92012467002466;;;;4781400;5232;;0;4781400;;R;98600000
008;7032;;GZT GUAPORE;DOUTOR LUIS AUGUSTO PUPERI;;740;3336;RS;4309407;0;0;;F;1;92012467003276;;;;4781400;5232;;0;4781400;;R;99200000
008;7032;;GZT GUAPORE;ASTROGILDO GERONIMO CAMILO;;740;3336;RS;4309407;0;0;;F;1;92012467003276;;;;4781400;5232;;0;4781400;;R;99200000
008;7037;;GZT SAO BORJA;GENERAL MARQUES;SL 101;969;165;RS;4318002;0;0;;F;1;92012467003780;;;;4781400;5232;;0;4781400;;R;97670000
008;7038;;GZT BAGE;BENTO GONCALVES;;361;256;RS;4301602;0;0;;F;1;92012467003861;;;;4759899;5232;;0;4759899;;R;96400201
008;7041;;GZT ESTEIO;PRESIDENTE VARGAS;SALA 102;1698;189;RS;4307708;0;0;;F;1;92012467004167;;;;4781400;5232;;0;4781400;;AV;93260048
008;7044;;GZT PASSO FUNDO;PRESIDENTE VARGAS;;20;2;RS;4314100;0;0;;F;1;92012467004400;;;;4781400;5232;;0;4781400;;AV;99070000
008;7046;;GZT RIO GRANDE;GENERAL BACELAR;;265;1090;RS;4315602;0;0;;F;1;92012467004671;;;;4781400;5232;;0;4781400;;R;96200370
008;7047;;GZT LAGES;CORREA PINTO;;180;491;SC;4209300;0;0;;F;1;92012467004752;;;;4781400;5232;;0;4781400;;R;88502200
008;7050;;GZT SANTA ROSA;JULIO RAUBER;;127;192;RS;4317202;0;0;;F;1;92012467005058;;;;4759899;5232;;0;4759899;;R;98780331
008;7051;;GZT GIRUA;FRANCISCO LEOPOLDO UHRY;;230;2276;RS;4309001;0;0;;F;1;92012467005139;;;;4781400;5232;;0;4781400;;R;98870000
008;7059;;GZT CACHOEIRA DO SUL;JULIO DE CASTILHOS;;520;89;RS;4303004;0;0;;F;1;92012467005996;;;;4759899;5232;;0;4759899;;AV;96501000
008;7065;;GZT PAROBE;CORONEL JOAO CORREA;;127;2794;RS;4314050;0;0;;F;1;92012467006534;;;;4781400;5232;;0;4781400;;R;95630000
008;7066;;GZT CONCORDIA;ORESTES FARINA;;205;267;SC;4204301;0;0;;F;1;92012467006615;;;;4759899;5232;;0;4759899;;R;89700071
008;7083;;GZT SANTA MARIA;NOSSA SRA DE MEDIANEIRA;;1055;18;RS;4316907;0;0;;F;1;92012467008316;;;;4759899;5232;;0;4759899;;AV;97060003
008;7084;;GZT BENTO GONCALVES;OSVALDO ARANHA;;288;36;RS;4302105;0;0;;F;1;92012467008405;;;;4759899;5232;;0;4759899;;AV;95707022
008;7092;;GZT VACARIA;JULIO DE CASTILHOS;;1176;70;RS;4322509;0;0;;F;1;92012467009207;;;;4759899;5232;;0;4759899;;AV;95200040
008;7093;;GZT SAO LEOPOLDO;INDEPENDENCIA;;905;117;RS;4318705;0;0;;F;1;92012467009398;;;;4781400;5232;;0;4781400;;AV;93010003
008;7099;;GZT LAGES;LUIZ DE CAMOES;;683;694;RS;4209300;0;0;;F;1;92012467009983;;;;4759899;5232;;0;4759899;;AV;88523000
008;7108;;GZT SANTIAGO;GETULIO VARGAS;;1395;179;RS;4317400;0;0;;F;1;92012467010809;;;;4759899;5232;;0;4759899;;AV;97700065
008;7112;;GZT IJUI;RUA DO COMERCIO;;33;250;RS;4310207;0;0;;F;1;92012467011295;;;;4759899;5232;;0;4759899;;R;98700000
008;7133;;GZT CURITIBANOS;ROTARY;;308;287;SC;4204806;0;0;;F;1;92012467013310;;;;4759899;5232;;0;4759899;;R;89520000
008;7138;;GZT RIO GRANDE;VINTE E QUATRO DE MAIO;;326;1090;RS;4315602;0;0;;F;1;92012467013824;;;;4781400;5232;;0;4781400;;R;96200003
008;7140;;GZT UNIAO DA VITORIA;DR CRUZ MACHADO;;152;134;PR;4128203;0;0;;F;1;92012467014049;;;;4781400;5232;;0;4781400;;R;84600175
008;7145;;GZT URUGUAIANA;DUQUE DE CAXIAS;;1530;262;RS;4322400;0;0;;F;1;92012467014553;;;;4781400;5232;;0;4781400;;AV;97501584
008;7173;;GZT PORTO ALEGRE;PROTASIO ALVES;;5735;1636;RS;4314902;0;0;;F;1;92012467017307;;;;4759899;5232;;0;4759899;;AV;91310003
008;7183;;GZT ALEGRETE;DOS ANDRADAS;;617;317;RS;4300406;0;0;;F;1;92012467018389;;;;4781400;5232;;0;4781400;;R;97541001
008;7193;;GZT DOM PEDRITO;MOREIRA CEZAR;;917;404;RS;4306601;0;0;;F;1;92012467019350;;;;4759899;5232;;0;4759899;;R;96450000
008;7233;;GZT URUGUAIANA;GENERAL FLORES DA CUNHA;;2035;262;RS;4322400;0;0;;F;1;92012467023382;;;;4759899;5232;;0;4759899;;R;97502365
008;7244;;GZT SOLEDADE;JULIO DE CASTILHOS;;1092;1175;RS;4320800;0;0;;F;1;92012467024435;;;;4781400;5232;;0;4781400;;AV;99300000
008;7268;;GZT SANTA CRUZ DO SUL;MARECHAL FLORIANO;;925;126;RS;4316808;0;0;;F;1;92012467026802;;;;4781400;5232;;0;4781400;;R;96810052
008;7314;;GZT TRES DE MAIO;SENADOR ALBERTO PASQUALINE;;230;754;RS;4321808;0;0;;F;1;92012467031482;;;;4781400;5232;;0;4781400;;AV;98910000
008;7353;;GZT PRUDENTOPOLIS;PRUDENTE DE MORAES;;489;4231;PR;4120606;0;0;;F;1;92012467035399;;;;4781400;5232;;0;4781400;;R;84400000
008;7386;;GZT IGREJINHA;AV PRESIDENTE CASTELO BRANCO;;476;4573;RS;4310108;0;0;;F;1;92012467038657;;;;4781400;4781;;0;4781400;;AV;95650000
008;7390;;GZT VIAMAO;REVERENDO AMERICO VESPUCIO CABRAL;;368;596;RS;4323002;0;0;;F;1;92012467039033;;;;4781400;4781;;0;4781400;;AV;94410300
008;7405;;GZT ITAQUI;DAVI CANABARRO;;1200;486;RS;4310603;0;0;;F;1;92012467040554;;;;4781400;4781;;0;4781400;;R;97650000
008;7406;;GZT SAO FRANCISCO DE ASSIS;TREZE DE JANEIRO;;1249;3083;RS;4318101;0;0;;F;1;92012467040635;;;;4759899;4781;;0;4759899;;R;97610000
008;7412;;GZT SAO LEOPOLDO;PAROBE;;450;211;RS;4318705;0;0;;F;1;92012467041283;;;;4781400;4781;;0;4781400;;AV;93125000
008;7415;;GZT CACAPAVA DO SUL;XV DE NOVEMBRO;;539;440;RS;4302808;0;0;;F;1;92012467041526;;;;4781400;4781;;0;4781400;;R;96570970
008;7430;;GZT SANTANA DO LIVRAMENTO;DOS ANDRADAS;;395;147;RS;4317103;0;0;;F;1;92012467043065;;;;4781400;4781;;0;4781400;;R;97573565
008;7437;;GZT SAO LUIZ GONZAGA;SENADOR PINHEIRO MACHADO;;2465;152;RS;4318903;0;0;;F;1;92012467043731;;;;4781400;4781;;0;4781400;;AV;97800000
008;7438;;GZT IBIRUBA;SETE DE SETEMBRO;;1122;2936;RS;4310009;0;0;;F;1;92012467043812;;;;4781400;4781;;0;4781400;;R;98200970
008;7442;;GZT FAXINAL DO SOTURNO;VICENTE PIGATTO;;950;5185;RS;4308003;0;0;;F;1;92012467044207;;;;4781400;4781;;0;4781400;;AV;97220970
008;7446;;GZT JULIO DE CASTILHOS;BARAO DO RIO BRANCO;;122;4763;RS;4311205;0;0;;F;1;92012467044622;;;;4759899;4781;;0;4759899;;R;98130000
008;7461;;GZT VENANCIO AIRES;OSVALDO ARANHA;;1685;629;RS;4322608;0;0;;F;1;92012467046161;;;;4781400;4781;;0;4781400;;R;95800000
008;7466;;GZT AGUDO;CONCORDIA;;624;4180;RS;4300109;0;0;;F;1;92012467046676;;;;4781400;4781;;0;4781400;;AV;96540000
008;7471;;GZT ESPUMOSO;ANGELO MACALOS;;366;4171;RS;4307500;0;0;;F;1;92012467047133;;;;4781400;4781;;0;4781400;;AV;99400000
008;7478;;GZT TUPANCIRETA;VAZ FERREIRA;;1346;3347;RS;4322202;0;0;;F;1;92012467047800;;;;4781400;4781;;0;4781400;;AV;98170970
008;7485;;GZT CACADOR;BARAO DO RIO BRANCO;;875;631;SC;4203006;0;0;;F;1;92012467048539;;;;4781400;4781;;0;4781400;;AV;89500019
008;7488;;GZT NOVO HAMBURGO;CINCO DE ABRIL;;614;603;RS;4313409;0;0;;F;1;92012467048881;;;;4781400;4781;;0;4781400;;R;93510036
008;7491;;GZT LAJEADO;CORONEL JOAO BATISTA DE MELLO;;234;1123;RS;4311403;0;0;;F;1;92012467049187;;;;4781400;4781;;0;4781400;;R;95900182
008;7493;;GZT PASSO FUNDO;BRASIL LESTE;;1055;5;RS;4314100;0;0;;F;1;92012467049349;;;;4781400;4781;;0;4781400;;AV;99050073
008;7500;;GZT CAXIAS DO SUL;JULIO DE CASTILHOS;;2785;44;RS;4305108;0;0;;F;1;92012467050002;;;;4781400;4781;;0;4781400;;AV;95010005
008;7504;;GZT CERRO LARGO;DR JOAO SEBASTIANY;;226;3811;RS;4305207;0;0;;F;1;92012467050436;;;;4781400;4781;;0;4781400;;R;97900000
008;7524;;GZT TEUTONIA;TRES DE OUTUBRO;;207;4767;RS;4321451;0;0;;F;1;92012467052480;;;;4781400;4781;;0;4781400;;R;95890000
008;7536;;GZT GETULIO VARGAS;DR JOAO CARLOS MACHADO;;275;4523;RS;4308904;0;0;;F;1;92012467053613;;;;4781400;4781;;0;4781400;;R;99900000
008;7540;;GZT SOLEDADE;MARECHAL FLORIANO PEIXOTO;;1048;1175;RS;4320800;0;0;;F;1;92012467054008;;;;4781400;4781;;0;4781400;;AV;99300000
008;7541;;GZT ROSARIO DO SUL;JOAO BRASIL;;1309;62;RS;4316402;0;0;;F;1;92012467054180;;;;4781400;4781;;0;4781400;;R;97590000
008;7543;;GZT GARIBALDI;EMIDIO JACINTO FERREIRA;SALA 02;110;6552;RS;4308607;0;0;;F;1;92012467054342;;;;4781400;4781;;0;4781400;;R;95720000
008;7548;;GZT PANAMBI;SETE DE SETEMBRO;;200;2528;RS;4313904;0;0;;F;1;92012467054857;;;;4781400;4781;;0;4781400;;R;98280000
008;7555;;GZT CAMAQUA;PRESIDENTE VARGAS;;617;156;RS;4303509;0;0;;F;1;92012467055586;;;;4781400;4781;;0;4781400;;R;96780046
008;7563;;GZT SAO SEBASTIAO DO CAI;SENADOR PINHEIRO MACHADO;;777;4272;RS;4319505;0;0;;F;1;92012467056396;;;;4781400;4781;;0;4781400;;R;95760000
008;7565;;GZT SAO MIGUEL DO OESTE;SANTOS DUMONT;SALA 1;519;1730;SC;4217204;0;0;;F;1;92012467056558;;;;4781400;4781;;0;4781400;;R;89900000
008;7568;;GZT RIO PARDO;JOAO PESSOA;;751;4653;RS;4315701;0;0;;F;1;92012467056809;;;;4781400;4781;;0;4781400;;R;96640000
008;7569;;GZT FRAIBURGO;PADRE BIAGGIO SIMONETTI;;254;2538;SC;4205506;0;0;;F;1;92012467056981;;;;4781400;4781;;0;4781400;;R;89580000
008;7570;;GZT MARAVILHA;SETE DE SETEMBRO;;486;4572;SC;4210506;0;0;;F;1;92012467057015;;;;4759899;4781;;0;4759899;;AV;89874000
008;7577;;GZT PINHAO;TRIFON HANYSZ;;194;4728;PR;4119301;0;0;;F;1;92012467057791;;;;4781400;4781;;0;4781400;;AV;85170000
008;7582;;GZT SANTA MARIA;MARANHAO;LOJA 02;215;2622;RS;4316907;0;0;;F;1;92012467058259;;;;4781400;4781;;0;4781400;;R;97030350
008;7586;;GZT RESTINGA SECA;JULIO DE CASTILHOS;;615;4804;RS;4315503;0;0;;F;1;92012467058682;;;;4781400;4781;;0;4781400;;AV;97200000
008;7587;;GZT ARROIO DO TIGRE;25 DE JULHO;;263;4201;RS;4301206;0;0;;F;1;92012467058763;;;;4781400;4781;;0;4781400;;R;96950000
008;7588;;GZT PORTO UNIAO;SETE DE SETEMBRO;;163;2709;SC;4213609;0;0;;F;1;92012467058844;;;;4781400;4781;;0;4781400;;R;89400000
008;7589;;GZT NOVO HAMBURGO;JOAQUIM NABUCO;;182;857;RS;4313409;0;0;;F;1;92012467058925;;;;4781400;4781;;0;4781400;;R;93310001
008;7591;;GZT ESTRELA;CORONEL MUSSNICH;;10;2581;RS;4307807;0;0;;F;1;92012467059140;;;;4781400;4781;;0;4781400;;R;95880000
008;7592;;GZT PASSO FUNDO;PRESIDENTE VARGAS;;1094;10;RS;4314100;0;0;;F;1;92012467059220;;;;4781400;4781;;0;4781400;;AV;99070000
008;7594;;GZT SANTA MARIA;PREFEITO EVANDRO BEHR;;6755;112;RS;4316907;0;0;;F;1;92012467059492;;;;4781400;4781;;0;4781400;;AV;97110800
008;7597;;GZT CAXIAS DO SUL;PINHEIRO MACHADO;SALA A;1811;44;RS;4305108;0;0;;F;1;92012467059735;;;;4781400;4781;;0;4781400;;R;95020171
008;7598;;GZT GUARAPUAVA;SALDANHA MARINHO;;1489;952;PR;4109401;0;0;;F;1;92012467059816;;;;4781400;4781;;0;4781400;;R;85010290
008;7599;;GZT PONTA GROSSA;VISCONDE DE MAUA;;1601;29;PR;4119905;0;0;;F;1;92012467059905;;;;4781400;4781;;0;4781400;;AV;84045100
008;7601;;GZT SANTA MARIA;BORGES DE MEDEIROS;;990;5074;RS;4316907;0;0;;F;1;92012467060156;;;;4781400;4781;;0;4781400;;R;97010080
008;7602;;GZT NAO ME TOQUE;ALTO JACUI;SALA 101;784;4200;RS;4312658;0;0;;F;1;92012467060237;;;;4781400;4781;;0;4781400;;AV;99470000
008;7608;;GZT LAGES;CORONEL CORDOVA;;234;491;SC;4209300;0;0;;F;1;92012467060822;;;;4781400;4781;;0;4781400;;R;88502000
008;7609;;GZT PONTA GROSSA;CORONEL CLAUDIO;SL TERREA;16;565;PR;4119905;0;0;;F;1;92012467060903;;;;4781400;4781;;0;4781400;;R;84010120
008;7612;;GZT LAGOA VERMELHA;SETE DE SETEMBRO;;672;272;RS;4311304;0;0;;F;1;92012467061209;;;;4781400;4781;;0;4781400;;R;95300000
008;7614;;GZT CONCORDIA;DR MARURI;SALA TERREA;1011;267;SC;4204301;0;0;;F;1;92012467061470;;;;4781400;4781;;0;4781400;;R;89700170
008;7620;;GZT SAO GABRIEL;CORONEL SOARES;;432;160;RS;4318309;0;0;;F;1;92012467062019;;;;4781400;4781;;0;4781400;;R;97300228
008;7628;;GZT JOACABA;XV DE NOVEMBRO;;214;4060;SC;4209003;0;0;;F;1;92012467062876;;;;4781400;4781;;0;4781400;;AV;89600000
008;7629;;GZT ITAJAI;CONEGO THOMAZ FONTES;;457;1864;SC;4208203;0;0;;F;1;92012467062957;;;;4781400;4781;;0;4781400;;R;88301100
008;7637;;GZT BAGE;SETE DE SETEMBRO;;765;256;RS;4301602;0;0;;F;1;92012467063767;;;;4781400;4781;;0;4781400;;AV;96400006
008;7638;;GZT DOIS VIZINHOS;DR. ARNALDO BUSATO;SL 2;13;3558;PR;4107207;0;0;;F;1;92012467063848;;;;4781400;4781;;0;4781400;;R;85660000
008;7642;;GZT TRAMANDAI;FERNANDES BASTOS;;478;8043;RS;4321600;0;0;;F;1;92012467064224;;;;4781400;4781;;0;4781400;;AV;95590000
008;7643;;GZT PATO BRANCO;TUPI;;2166;141;PR;4118501;0;0;;F;1;92012467064305;;;;4781400;4781;;0;4781400;;R;85501063
