codigo_empresa;tipo_colaborador;cadastro_colaborador;data_alteracao;estrutura_cargo;codigo_cargo;motivo_alteracao
276;1;67563;01/01/1990;1;68;3
8;1;116131;24/07/2006;1;14;2
4;1;139106;01/08/1987;1;60;3
4;1;139106;01/06/1989;1;27;3
4;1;139106;01/09/1990;1;26;3
4;1;139106;01/09/1991;1;14;3
4;1;145459;01/12/1987;1;15;3
4;1;145459;01/07/1990;1;14;3
4;1;145459;01/09/1996;1;12;3
8;1;233005;01/12/2005;1;148;2
282;1;244309;01/01/1993;1;178;3
282;1;244309;01/06/1995;1;27;3
282;1;244309;15/01/1997;1;154;3
282;1;244309;19/12/1998;1;15;3
282;1;244309;01/05/2014;1;266;2
282;1;244309;01/02/2018;1;12;2
4;1;251453;01/10/1993;1;120;3
4;1;251453;01/07/1994;1;15;3
276;1;261564;01/08/1994;1;109;3
276;1;261564;01/01/1996;1;104;3
276;1;261564;01/08/1996;1;122;3
282;1;271951;01/05/1995;1;32;3
282;1;271951;01/12/1995;1;154;3
282;1;271951;23/11/1997;1;153;3
282;1;271951;01/10/2004;1;148;3
8;1;287351;02/05/2019;1;302;2
4;1;288969;01/10/1996;1;60;3
4;1;288969;01/09/1999;1;61;3
4;1;296333;14/04/1997;1;229;3
4;1;296333;17/06/1998;1;29;3
8;1;299685;14/11/1995;1;12;3
6;1;303968;06/10/1997;1;215;3
6;1;303968;02/12/1998;1;189;3
6;1;303968;16/10/2006;1;14;2
8;1;304913;12/11/1997;1;60;3
8;1;304921;12/11/1997;1;60;3
6;1;307416;02/02/1998;1;60;3
8;1;307416;02/02/1998;1;60;3
6;1;307416;01/07/1999;1;61;3
8;1;307416;01/07/1999;1;61;3
8;1;307416;01/03/2000;1;178;3
6;1;307416;01/03/2000;1;178;3
6;1;307416;01/07/2000;1;59;3
8;1;307416;01/07/2000;1;59;3
6;1;307416;02/08/2001;1;30;3
8;1;307416;02/08/2001;1;30;3
8;1;307416;01/05/2003;1;17;3
6;1;307416;01/05/2003;1;17;3
6;1;307416;12/08/2004;1;153;3
6;1;307416;10/10/2006;1;14;2
4;1;311960;01/09/1998;1;229;3
4;1;311960;07/06/2000;1;196;3
4;1;314331;03/12/1998;1;74;3
4;1;314331;01/01/2000;1;60;3
4;1;314331;01/03/2000;1;61;3
4;1;314331;06/09/2002;1;55;3
4;1;314331;01/09/2003;1;56;3
4;1;314331;14/06/2004;1;17;3
4;1;317241;24/12/1998;1;216;3
4;1;317241;25/12/1999;1;215;3
282;1;318124;18/02/1998;1;211;3
282;1;318124;01/03/1999;1;218;3
282;1;318124;05/04/1999;1;216;3
282;1;318124;01/01/2000;1;215;3
282;1;318124;16/10/2000;1;155;3
282;1;318124;01/05/2002;1;190;3
282;1;318124;08/09/2005;1;14;3
4;1;322806;17/09/1999;1;74;3
4;1;322806;22/10/1999;1;60;3
8;1;323144;23/09/1999;1;74;3
4;1;325210;25/11/1999;1;204;3
4;1;325210;01/12/1999;1;74;3
4;1;325210;01/01/2000;1;122;3
4;1;325210;01/10/2003;1;154;3
4;1;325210;01/12/2004;1;156;3
4;1;325953;25/11/1999;1;74;3
4;1;325953;01/01/2000;1;122;3
4;1;328979;23/04/2001;1;61;3
4;1;328979;23/07/2001;1;29;3
4;1;328979;01/08/2003;1;156;3
4;1;328979;01/11/2003;1;157;3
8;1;331120;17/07/2000;1;215;3
4;1;335339;22/11/2000;1;60;3
4;1;335339;01/12/2001;1;61;3
4;1;335339;01/06/2002;1;27;3
4;1;335339;01/07/2004;1;26;3
4;1;337773;04/04/2001;1;60;3
4;1;337773;01/06/2002;1;61;3
4;1;337773;01/10/2004;1;58;3
4;1;347515;02/09/2002;1;60;3
4;1;347515;01/10/2003;1;61;3
4;1;352268;12/12/2002;1;60;3
8;1;352683;14/01/2003;1;60;3
8;1;352683;01/09/2003;1;42;3
8;1;352683;01/04/2004;1;43;3
8;1;352683;21/07/2004;1;44;3
8;1;352683;01/06/2005;1;10;3
8;1;352683;01/06/2007;1;14;2
6;1;353426;01/06/2003;1;60;3
6;1;353426;01/05/2004;1;61;3
6;1;353426;20/11/2006;1;58;2
6;1;353426;04/07/2011;1;59;2
6;1;353426;01/04/2012;1;171;2
6;1;353426;01/04/2013;1;27;2
4;1;353671;05/05/2003;1;178;3
4;1;353671;01/12/2003;1;154;3
4;1;353671;01/10/2006;1;156;2
4;1;354759;22/07/2003;1;65;3
282;1;361488;02/02/2004;1;178;3
282;1;361488;01/03/2005;1;58;3
282;1;361488;04/07/2005;1;17;3
282;1;361488;07/11/2005;1;14;2
8;1;362239;15/03/2004;1;60;3
4;1;364967;02/08/2004;1;60;1
4;1;364967;01/08/2005;1;61;2
282;1;365246;10/08/2004;1;60;3
282;1;365246;01/08/2005;1;61;3
282;1;365246;06/11/2006;1;58;2
282;1;365246;01/01/2011;1;59;2
282;1;365246;01/08/2014;1;172;2
4;1;365718;06/09/2004;1;60;3
4;1;365718;06/10/2005;1;58;2
4;1;365718;27/10/2005;1;61;2
4;1;365718;01/06/2008;1;154;2
4;1;365718;01/05/2010;1;156;2
4;1;371564;15/12/2004;1;60;3
4;1;376224;01/12/2005;1;51;1
4;1;376268;01/12/2005;1;204;1
4;1;376268;15/04/2006;1;215;2
282;1;376560;01/06/2006;1;60;1
282;1;376560;01/06/2007;1;61;2
282;1;376560;27/10/2008;1;58;2
282;1;376560;01/02/2013;1;59;2
282;1;376560;01/08/2014;1;172;2
8;1;376862;10/10/2006;1;69;1
8;1;376995;01/12/2006;1;181;1
282;1;377248;15/03/2007;1;178;1
282;1;377248;15/03/2008;1;58;2
282;1;377248;01/04/2010;1;59;2
4;1;377735;08/10/2007;1;175;1
4;1;377795;01/11/2007;1;175;1
6;1;378278;15/05/2008;1;51;1
6;1;378278;14/07/2008;1;60;2
6;1;378278;15/05/2009;1;61;2
6;1;378278;20/06/2016;1;58;2
6;1;378278;01/03/2017;1;59;2
6;1;378278;02/04/2018;1;171;2
8;1;378566;05/09/2008;1;68;1
282;1;379038;27/04/2009;1;60;1
282;1;379038;27/04/2010;1;61;2
282;1;379038;01/06/2010;1;58;2
282;1;379038;01/09/2011;1;59;2
4;1;379083;01/06/2009;1;264;1
4;1;379083;01/09/2009;1;17;11
4;1;379083;01/12/2009;1;15;2
4;1;379677;23/07/2020;1;26;4
4;1;379677;08/12/2020;1;14;2
276;1;379762;12/03/2010;1;120;1
276;1;379762;02/05/2018;1;186;2
8;1;380580;01/02/2011;1;60;1
8;1;380580;01/02/2012;1;61;12
8;1;380580;10/05/2012;1;59;2
8;1;380580;11/09/2012;1;269;2
282;1;381541;13/12/2011;1;178;1
6;1;381701;01/03/2012;1;175;1
6;1;381701;01/11/2012;1;60;2
6;1;381701;01/03/2013;1;61;2
6;1;381701;01/03/2017;1;58;2
6;1;381701;01/04/2019;1;59;2
4;1;382976;22/04/2013;1;175;1
4;1;382976;02/12/2013;1;60;2
4;1;382976;01/04/2014;1;61;2
4;1;382976;01/06/2015;1;173;2
1629;1;383056;03/05/2013;1;279;1
6;1;384172;16/04/2014;1;175;1
6;1;384172;01/09/2014;1;60;2
6;1;384172;01/04/2015;1;61;2
6;1;384172;01/07/2015;1;286;2
6;1;384172;01/08/2016;1;287;2
6;1;384172;01/10/2018;1;171;2
282;1;385066;05/01/2015;1;122;1
282;1;385066;02/11/2015;1;206;4
8;1;385154;05/02/2015;1;60;1
8;1;385172;06/02/2015;1;181;1
4;1;385761;10/12/2015;1;175;1
4;1;385761;01/10/2016;1;60;2
4;1;385761;01/12/2016;1;61;2
4;1;385761;01/05/2018;1;52;2
4;1;385761;20/08/2019;1;297;2
4;1;385761;01/12/2022;1;296;2
4;1;385761;02/10/2023;1;392;17
8;1;385788;01/07/2025;1;392;4
282;1;385883;11/02/2016;1;175;1
282;1;385883;01/10/2016;1;60;2
282;1;385883;01/02/2017;1;61;2
282;1;385883;09/10/2020;1;58;2
282;1;385960;21/03/2016;1;178;1
282;1;385960;01/04/2017;1;58;2
282;1;385960;01/04/2018;1;154;2
4;1;386218;01/08/2016;1;15;1
1629;1;386417;14/11/2016;1;293;1
4;1;387837;04/06/2018;1;60;1
4;1;387837;01/06/2019;1;61;12
4;1;387942;09/07/2018;1;60;1
4;1;387942;01/07/2019;1;61;2
4;1;388489;22/01/2019;1;60;1
8;1;388557;06/03/2019;1;60;1
8;1;388562;06/03/2019;1;60;1
282;1;389215;05/10/2019;1;206;1
8;1;389714;09/06/2020;1;175;1
276;1;390016;05/10/2020;1;305;1
282;1;390051;19/10/2020;1;305;1
282;1;390051;23/05/2023;1;122;17
4;1;390205;20/11/2020;1;206;1
282;1;390597;27/04/2021;1;206;1
4;1;390828;21/06/2021;1;282;1
4;1;390828;08/03/2023;1;342;4
4;1;390828;01/11/2023;1;397;2
282;1;391459;04/11/2021;1;204;1
282;1;391459;01/07/2022;1;305;2
4;1;391785;06/01/2022;1;178;1
4;1;391785;04/07/2022;1;300;2
4;1;391785;01/08/2022;1;317;2
282;1;391797;08/01/2022;1;204;1
8;1;391954;14/02/2022;1;175;1
8;1;391954;07/07/2022;1;60;1
8;1;391954;17/02/2023;1;61;12
282;1;392212;27/04/2022;1;305;1
8;1;392628;19/07/2022;1;181;1
8;1;392922;10/10/2022;1;60;1
4;1;393398;26/01/2023;1;351;1
4;1;393398;01/06/2023;1;14;2
282;1;393642;03/04/2023;1;357;1
282;1;393642;01/01/2024;1;400;2
4;1;397037;02/06/2025;1;154;1
