codigo_empresa;tipo_colaborador;cadastro_colaborador;data_alteracao;sequencia_alteracao;codigo_motivo_alteracao;valor_salario_atual;tipo_salario;percentual_reajuste_concedido
276;1;67563;14/06/1983;1;3;82,05;1;0
276;1;67563;01/08/1995;2;3;23958,36;1;0
276;1;67563;01/09/1995;3;3;101,66;1;0
276;1;67563;01/11/1995;4;3;102,99;1;0
276;1;67563;01/12/1995;5;3;114,45;1;0
276;1;67563;01/02/1996;6;3;118,71;1;0
276;1;67563;01/05/1996;7;3;120,56;1;0
276;1;67563;01/09/1996;8;3;124,27;1;0
276;1;67563;01/12/1996;9;7;128;1;1
276;1;67563;01/12/1997;10;8;133,5;1;4,29
276;1;67563;01/07/1999;11;7;137,48;1;2,98
276;1;67563;01/01/2000;12;8;146,95;1;6,88
276;1;67563;01/01/2001;13;7;155,99;1;6,15
276;1;67563;01/01/2002;14;7;168,72;1;8,16
276;1;67563;01/11/2002;15;8;171,59;1;1,7
276;1;67563;01/01/2003;16;7;186,03;1;8,41
276;1;67563;01/01/2004;17;7;216,07;1;16,14
276;1;67563;01/11/2004;18;8;233,36;1;8
276;1;67563;01/02/2006;19;7;246,01;1;0
276;1;67563;01/11/2006;20;8;260,77;1;0
276;1;67563;01/11/2007;21;8;276,42;1;0
8;1;116131;24/07/2006;1;2;1500;1;0
8;1;116131;24/10/2006;2;2;1600;1;0
8;1;116131;01/11/2006;3;2;1660;1;0
8;1;116131;01/04/2007;4;8;1859;1;0
8;1;116131;01/01/2008;5;12;1889;1;0
8;1;116131;01/04/2008;6;8;2120;1;0
8;1;116131;01/03/2009;7;12;2285;1;0
8;1;116131;01/04/2009;8;8;2540;1;0
8;1;116131;01/03/2010;9;12;2665;1;0
8;1;116131;01/04/2010;10;7;2942,5;1;0
8;1;116131;01/04/2011;11;7;3285,68;1;0
8;1;116131;01/03/2012;12;12;3390,59;1;0
8;1;116131;01/04/2012;13;7;3627,93;1;0
8;1;116131;01/04/2013;14;7;3936,3;1;0
8;1;116131;01/04/2014;15;7;4223,65;1;0
8;1;116131;01/04/2015;16;7;4579,28;1;0
8;1;116131;01/04/2016;17;7;5014,32;1;0
8;1;116131;01/10/2016;18;12;5200;1;0
8;1;116131;01/04/2017;19;7;5243,48;1;0
4;1;139106;17/08/1987;1;3;312,94;1;0
4;1;139106;01/04/1995;2;3;402,65;1;0
4;1;139106;01/10/1995;3;3;421,99;1;0
4;1;139106;01/04/1996;4;3;436,08;1;0
4;1;139106;01/05/1996;5;3;436,98;1;0
4;1;139106;01/09/1996;6;3;519,73;1;0
4;1;139106;01/11/1996;7;8;530,12;1;2
4;1;139106;01/02/1997;8;25;540,72;1;2
4;1;139106;01/05/1997;9;8;611,78;1;13,14
4;1;145459;07/12/1987;1;3;891,77;1;0
4;1;145459;01/05/1996;2;3;1016,4;1;0
4;1;145459;01/05/1997;3;8;1138,37;1;12
4;1;145459;01/10/1999;4;7;1166;1;2,42
4;1;145459;01/04/2000;5;7;1215,6;1;4,25
4;1;145459;01/05/2001;6;8;1800;1;48,07
4;1;145459;01/05/2002;7;7;1869,01;1;4,16
4;1;145459;01/04/2003;8;7;2032;1;8,72
4;1;145459;01/08/2004;9;7;2106;1;3,64
8;1;233005;01/12/2005;1;2;1013;1;0
8;1;233005;01/08/2006;2;8;1088;1;0
8;1;233005;01/08/2007;3;8;1177;1;0
282;1;244309;06/01/1993;1;3;130;1;0
282;1;244309;01/03/1995;2;3;137,3;1;0
282;1;244309;01/04/1995;3;3;151,16;1;0
282;1;244309;01/06/1995;4;3;167,3;1;0
282;1;244309;01/10/1995;5;3;188,85;1;0
282;1;244309;01/04/1996;6;3;195,15;1;0
282;1;244309;01/05/1996;7;3;219,64;1;0
282;1;244309;01/09/1996;8;3;281,57;1;0
282;1;244309;01/11/1996;9;8;287,2;1;2
282;1;244309;01/02/1997;10;25;292,94;1;2
282;1;244309;01/04/1997;11;7;345,12;1;17,81
282;1;244309;01/05/1997;12;8;358,96;1;4,01
282;1;244309;01/01/1998;13;8;360,6;1;0
282;1;244309;01/09/1998;14;7;365,2;1;1,27
282;1;244309;01/10/1998;15;7;371,63;1;1,76
282;1;244309;01/12/1998;16;8;400;1;7,63
282;1;244309;01/10/1999;17;7;408,05;1;2,01
282;1;244309;01/04/2000;18;7;434,98;1;6,59
282;1;244309;01/05/2001;19;8;500;1;14,94
282;1;244309;01/05/2002;20;7;542,6;1;8,52
282;1;244309;01/04/2003;21;7;644;1;18,68
282;1;244309;01/08/2004;22;7;690;1;7,14
282;1;244309;01/09/2005;23;7;739;1;7,1
282;1;244309;01/04/2006;24;7;814;1;0
282;1;244309;01/04/2007;25;8;903,1;1;0
282;1;244309;01/02/2008;26;2;905;1;0
282;1;244309;01/04/2008;27;8;1101,28;1;0
282;1;244309;01/03/2009;28;12;1161,34;1;0
282;1;244309;01/04/2009;29;7;1285,02;1;0
282;1;244309;01/12/2009;30;12;1290;1;0
282;1;244309;01/03/2010;31;12;1330;1;0
282;1;244309;01/04/2010;32;7;1465;1;0
282;1;244309;01/04/2011;33;7;1642,8;1;0
282;1;244309;01/11/2011;34;12;1697,16;1;0
282;1;244309;01/04/2012;35;7;1798,98;1;0
282;1;244309;01/03/2013;36;2;1900;1;0
282;1;244309;01/04/2013;37;7;2047,63;1;0
282;1;244309;01/04/2014;38;7;2190,96;1;0
282;1;244309;01/08/2014;39;2;2610;1;0
282;1;244309;01/04/2015;40;7;2829,76;1;0
282;1;244309;01/04/2016;41;7;3107,93;1;0
282;1;244309;01/04/2017;42;7;3251,83;1;0
282;1;244309;01/03/2018;43;2;4000;1;0
282;1;244309;01/04/2018;44;7;4165,25;1;0
282;1;244309;01/04/2019;45;7;4359,76;1;0
282;1;244309;01/04/2020;46;7;4466,6;1;0
282;1;244309;01/10/2020;47;12;4500;1;0
282;1;244309;01/04/2021;48;7;4850;1;0
4;1;251453;04/10/1993;1;3;222,64;1;0
4;1;251453;01/05/1995;2;3;282,99;1;0
4;1;251453;01/10/1995;3;3;300,22;1;0
4;1;251453;01/04/1996;4;3;310,25;1;0
4;1;251453;01/05/1996;5;3;376,46;1;0
4;1;251453;01/11/1996;6;8;383,99;1;2
4;1;251453;01/02/1997;7;25;391,67;1;2
4;1;251453;01/05/1997;8;8;439,23;1;12,14
4;1;251453;01/06/1998;9;8;512,42;1;16,66
4;1;251453;01/10/1998;10;8;692,16;1;35,07
276;1;261564;15/08/1994;1;3;150;1;0
276;1;261564;01/02/1995;2;3;154,66;1;0
276;1;261564;01/03/1995;3;3;158,68;1;0
276;1;261564;01/05/1995;4;3;164,3;1;0
276;1;261564;01/08/1995;5;3;173,2;1;0
276;1;261564;01/11/1995;6;3;175,44;1;0
276;1;261564;01/12/1995;7;3;208;1;0
276;1;261564;01/01/1996;8;3;250;1;0
276;1;261564;01/09/1996;9;3;257,7;1;0
276;1;261564;01/05/1997;10;8;275;1;6,71
276;1;261564;01/12/1997;11;8;308;1;12
276;1;261564;01/01/2000;12;7;329,22;1;6,88
276;1;261564;01/09/2000;13;8;339,57;1;3,14
276;1;261564;01/01/2001;14;7;349,47;1;2,91
276;1;261564;01/04/2002;15;8;377,99;1;8,16
276;1;261564;01/11/2002;16;8;384,42;1;1,7
276;1;261564;01/01/2003;17;7;416,77;1;8,41
276;1;261564;01/11/2003;18;8;450,11;1;7,99
276;1;261564;01/01/2004;19;7;484,08;1;7,54
282;1;271951;25/05/1995;1;3;147,97;1;0
282;1;271951;01/10/1995;2;3;170;1;0
282;1;271951;01/12/1995;3;3;188,3;1;0
282;1;271951;01/05/1996;4;3;215,86;1;0
282;1;271951;01/09/1996;5;3;306,13;1;0
282;1;271951;01/11/1996;6;8;312,25;1;2
282;1;271951;01/02/1997;7;25;318,5;1;2
282;1;271951;01/04/1997;8;7;345,12;1;8,35
282;1;271951;01/05/1997;9;8;358,96;1;4,01
282;1;271951;01/11/1997;10;8;390;1;8,64
282;1;271951;01/12/1997;11;8;420;1;7,69
282;1;271951;01/09/1998;12;7;424,65;1;1,1
282;1;271951;01/10/1998;13;7;432,12;1;1,75
282;1;271951;01/01/1999;14;8;441,5;1;2,17
282;1;271951;01/05/1999;15;8;572,62;1;29,69
282;1;271951;01/04/2000;16;7;610,14;1;6,55
282;1;271951;01/05/2001;17;8;615;1;0
282;1;271951;01/07/2001;18;7;639,55;1;3,99
282;1;271951;01/05/2002;19;7;694,04;1;8,52
282;1;271951;01/04/2003;20;7;950;1;36,87
282;1;271951;01/08/2004;21;7;1034;1;8,84
8;1;287351;01/04/2020;1;7;3569;1;0
8;1;287351;01/04/2021;2;7;3569;1;0
8;1;287351;01/09/2021;3;8;3816,7;1;0
8;1;287351;01/04/2022;4;7;4100;1;0
8;1;287351;01/10/2022;5;7;4323,11;1;0
4;1;288969;01/10/1996;1;3;142,1;1;0
4;1;288969;01/11/1996;2;8;207,06;1;2
4;1;288969;01/02/1997;3;25;211,2;1;2
4;1;288969;01/05/1997;4;8;222,88;1;5,53
4;1;288969;01/06/1997;5;8;227,92;1;2,26
4;1;288969;01/10/1998;6;7;230;1;0
4;1;288969;01/01/1999;7;8;235;1;2,17
4;1;288969;01/09/1999;8;8;274,9;1;16,97
4;1;288969;01/04/2000;9;7;293,05;1;6,6
4;1;288969;01/07/2001;10;7;307,18;1;4,82
4;1;288969;01/05/2002;11;7;333,35;1;8,51
4;1;288969;01/04/2003;12;7;400;1;19,99
4;1;288969;01/06/2004;13;8;432;1;8
4;1;288969;01/04/2005;14;8;463;1;7,17
4;1;288969;01/04/2006;15;8;491;1;0
4;1;288969;01/04/2007;16;8;520;1;0
4;1;296333;14/04/1997;1;3;300;1;0
4;1;296333;01/05/1997;2;8;369,6;1;23,2
4;1;296333;01/10/1998;3;7;371,63;1;0
4;1;296333;01/01/1999;4;8;379,7;1;2,17
4;1;296333;01/10/1999;5;7;383,87;1;1,09
4;1;296333;01/04/2000;6;7;409,21;1;6,6
8;1;299685;14/11/1995;1;3;1000;1;0
8;1;299685;01/07/1997;2;8;1138,37;1;13,83
8;1;299685;01/01/1998;3;8;1600;1;40,55
8;1;299685;01/10/1999;4;7;1627,63;1;1,72
8;1;299685;01/04/2000;5;7;1677,23;1;3,04
8;1;299685;01/05/2000;6;8;1800;1;7,31
8;1;299685;01/05/2001;7;8;2500;1;38,88
8;1;299685;01/05/2002;8;7;2569,01;1;2,99
8;1;299685;01/04/2003;9;7;2732;1;6,34
6;1;303968;06/10/1997;1;3;330;1;0
6;1;303968;01/12/1998;2;8;550;1;66,66
6;1;303968;01/06/1999;3;7;587,68;1;6,85
6;1;303968;01/05/2000;4;7;625,73;1;6,47
6;1;303968;01/12/2000;5;7;664,21;1;6,14
6;1;303968;01/05/2001;6;8;665;1;0
6;1;303968;01/01/2003;7;7;728,64;1;9,56
6;1;303968;01/03/2003;8;8;731,5;1;0
6;1;303968;01/07/2003;9;7;857,32;1;17,2
6;1;303968;01/07/2004;10;7;924,32;1;7,81
6;1;303968;01/08/2005;11;7;979,32;1;5,95
6;1;303968;01/04/2006;12;8;1063,52;1;0
6;1;303968;16/10/2006;13;2;1065;1;0
6;1;303968;01/04/2007;14;8;1167,72;1;0
6;1;303968;01/04/2008;15;8;1353,55;1;0
6;1;303968;01/03/2009;16;12;1413,58;1;0
6;1;303968;01/04/2009;17;7;1537,21;1;0
6;1;303968;01/03/2010;18;12;1572,74;1;0
6;1;303968;01/04/2010;19;7;1705,92;1;0
6;1;303968;01/04/2011;20;7;1870,62;1;0
6;1;303968;01/11/2011;21;12;1923,07;1;0
6;1;303968;01/04/2012;22;7;2038,45;1;0
6;1;303968;01/03/2013;23;2;2100;1;0
6;1;303968;01/04/2013;24;7;2263,17;1;0
6;1;303968;01/04/2014;25;7;2421,59;1;0
6;1;303968;01/04/2015;26;7;2625,49;1;0
6;1;303968;01/04/2016;27;7;2883,58;1;0
8;1;304913;12/11/1997;1;3;154;1;0
8;1;304913;01/12/1997;2;8;227,92;1;48
8;1;304921;12/11/1997;1;3;154;1;0
8;1;304921;01/12/1997;2;8;227,92;1;48
6;1;307416;02/02/1998;1;8;227,92;1;45,35
6;1;307416;01/10/1998;2;8;230;1;0
6;1;307416;01/02/1999;3;8;235;1;2,17
6;1;307416;01/07/1999;4;8;274,9;1;16,97
6;1;307416;01/03/2000;5;2;335,07;1;21,88
6;1;307416;01/04/2000;6;7;357,19;1;6,6
6;1;307416;01/07/2001;7;7;374,41;1;4,82
6;1;307416;01/08/2001;8;2;512,1;1;36,77
6;1;307416;01/05/2002;9;7;544;1;6,22
6;1;307416;01/04/2003;10;7;680;1;25
6;1;307416;01/05/2003;11;2;750;1;10,29
6;1;307416;01/04/2005;12;7;840;1;12
6;1;307416;01/04/2006;13;7;906,66;1;0
6;1;307416;10/10/2006;14;2;907;1;0
6;1;307416;01/04/2007;15;8;996,1;1;0
6;1;307416;01/03/2008;16;2;1000;1;0
6;1;307416;01/04/2008;17;8;1078;1;0
6;1;307416;01/11/2008;18;2;1080;1;0
6;1;307416;01/03/2009;19;12;1180;1;0
6;1;307416;01/04/2009;20;7;1311,4;1;0
6;1;307416;01/11/2009;21;2;1380;1;0
6;1;307416;01/03/2010;22;12;1473;1;0
6;1;307416;01/04/2010;23;7;1644,18;1;0
6;1;307416;01/04/2011;24;7;1855,87;1;0
6;1;307416;01/11/2011;25;12;1920,59;1;0
6;1;307416;01/04/2012;26;7;1967,22;1;0
6;1;307416;01/03/2013;27;2;2200;1;0
8;1;307416;02/02/1998;1;8;227,92;1;45,35
8;1;307416;01/10/1998;2;8;230;1;0
8;1;307416;01/02/1999;3;8;235;1;2,17
8;1;307416;01/07/1999;4;8;274,9;1;16,97
8;1;307416;01/03/2000;5;2;335,07;1;21,88
8;1;307416;01/04/2000;6;7;357,19;1;6,6
8;1;307416;01/07/2001;7;7;374,41;1;4,82
8;1;307416;01/08/2001;8;2;512,1;1;36,77
8;1;307416;01/05/2002;9;7;544;1;6,22
8;1;307416;01/04/2003;10;7;680;1;25
8;1;307416;01/05/2003;11;2;750;1;10,29
4;1;311960;03/08/1998;1;3;270;1;0
4;1;311960;01/09/1998;2;8;302,4;1;12
4;1;311960;01/04/1999;3;8;369,6;1;22,22
4;1;311960;01/07/1999;4;8;380,69;1;3
4;1;311960;01/12/1999;5;7;395,07;1;3,77
4;1;311960;01/06/2000;6;2;485;1;22,76
4;1;311960;01/05/2001;7;8;490;1;1,03
4;1;311960;01/06/2001;8;7;510,22;1;4,12
4;1;311960;01/06/2002;9;7;560,07;1;9,77
4;1;314331;03/12/1998;1;8;161;1;0
4;1;314331;01/01/1999;2;8;164,5;1;2,17
4;1;314331;01/02/1999;3;8;235;1;42,85
4;1;314331;01/10/1999;4;7;240;1;2,12
4;1;314331;01/03/2000;5;2;274,9;1;14,54
4;1;314331;01/04/2000;6;7;293,05;1;6,6
4;1;314331;01/07/2001;7;7;307,18;1;4,82
4;1;314331;01/05/2002;8;7;333,35;1;8,51
4;1;314331;01/04/2003;9;7;400;1;19,99
4;1;314331;01/09/2003;10;2;460;1;15
4;1;314331;01/06/2004;11;8;496,8;1;8
4;1;317241;24/12/1998;1;3;230;1;0
4;1;317241;01/03/1999;2;8;253;1;10
4;1;317241;01/06/1999;3;8;277,2;1;15,04
4;1;317241;01/09/1999;4;7;289,3;1;4,36
4;1;317241;01/12/1999;5;8;330;1;14,06
4;1;317241;01/05/2000;6;8;346,5;1;5
4;1;317241;01/06/2000;7;7;349,6;1;0
4;1;317241;01/09/2000;8;8;363,83;1;4,07
4;1;317241;01/05/2001;9;7;370,23;1;1,75
282;1;318124;18/02/1999;1;8;192;1;0
282;1;318124;01/04/1999;2;8;230;1;19,79
282;1;318124;01/08/1999;3;36;277,2;1;20,52
282;1;318124;01/01/2000;4;2;330;1;19,04
282;1;318124;01/02/2000;5;8;368,27;1;11,59
282;1;318124;01/05/2000;6;8;377,92;1;2,62
282;1;318124;01/07/2001;7;7;386,99;1;2,39
282;1;318124;01/05/2002;8;2;500,77;1;9
282;1;318124;01/02/2003;9;7;520,61;1;3,96
282;1;318124;01/11/2003;10;8;620;1;19,09
282;1;318124;01/01/2005;11;7;659;1;6,29
282;1;318124;01/09/2005;12;2;740;1;12,29
282;1;318124;01/04/2006;13;7;828,8;1;0
4;1;322806;17/09/1999;1;3;235;1;0
4;1;322806;01/10/1999;2;7;240;1;2,12
8;1;323144;23/09/1999;1;3;164,5;1;0
8;1;323144;01/10/1999;2;7;168;1;2,12
8;1;323144;01/11/1999;3;8;240;1;42,85
4;1;325210;25/11/1999;1;3;196,2;1;0
4;1;325210;01/01/2000;2;8;225;1;14,67
4;1;325210;01/03/2000;3;8;262,8;1;16,8
4;1;325210;01/04/2000;4;7;279;1;6,16
4;1;325210;01/07/2001;5;7;292,45;1;4,82
4;1;325210;01/05/2002;6;7;317,37;1;8,52
4;1;325210;01/04/2003;7;7;380;1;19,73
4;1;325210;01/08/2003;8;18;460;1;21,05
4;1;325210;01/10/2003;9;2;515;1;11,95
4;1;325210;01/06/2004;10;8;556,2;1;8
4;1;325210;01/12/2004;11;2;637;1;14,52
4;1;325210;01/04/2005;12;8;682;1;7,06
4;1;325953;25/11/1999;1;3;183,6;1;0
4;1;325953;01/01/2000;2;2;225;1;22,54
4;1;325953;01/03/2000;3;8;263,16;1;16,96
4;1;325953;01/05/2000;4;8;264,6;1;0
4;1;328979;01/07/2001;1;2;404,76;1;38,11
4;1;328979;01/05/2002;2;7;430,61;1;6,38
4;1;328979;01/04/2003;3;7;515;1;19,59
4;1;328979;01/08/2003;4;2;590;1;14,56
4;1;328979;01/11/2003;5;2;680;1;15,25
8;1;331120;17/07/2000;1;3;611,03;1;0
8;1;331120;01/07/2001;2;7;633,03;1;3,6
4;1;335339;22/11/2000;1;3;221,15;1;0
4;1;335339;01/02/2001;2;8;251,29;1;13,62
4;1;335339;01/07/2001;3;7;270;1;7,44
4;1;335339;01/12/2001;4;2;293,05;1;8,53
4;1;335339;01/05/2002;5;7;316,05;1;7,84
4;1;335339;01/06/2002;6;2;387,65;1;22,65
4;1;335339;01/04/2003;7;7;515;1;32,85
4;1;335339;01/06/2004;8;8;556,2;1;8
4;1;335339;01/07/2004;9;2;734;1;31,96
4;1;337773;04/04/2001;1;8;250,51;1;13,28
4;1;337773;01/07/2001;2;7;270;1;7,78
4;1;337773;01/05/2002;3;7;293;1;8,51
4;1;337773;01/06/2002;4;2;296,77;1;1,28
4;1;337773;01/04/2003;5;7;400;1;34,78
4;1;337773;01/06/2004;6;8;432;1;8
4;1;337773;01/04/2005;7;8;463;1;7,17
4;1;337773;01/04/2006;8;8;491;1;0
4;1;337773;01/04/2007;9;8;520;1;0
4;1;347515;02/09/2002;1;3;272;1;0
4;1;347515;01/10/2002;2;30;293;1;7,72
4;1;347515;01/04/2003;3;7;348;1;18,77
4;1;347515;01/10/2003;4;12;400;1;14,94
4;1;352268;12/12/2002;1;3;293;1;0
8;1;352683;14/01/2003;1;3;272;1;0
8;1;352683;01/02/2003;2;12;293;1;7,72
8;1;352683;01/04/2003;3;7;348;1;18,77
8;1;352683;01/07/2003;4;30;351,5;1;1
8;1;352683;01/09/2003;5;2;400;1;13,79
8;1;352683;01/04/2004;6;2;460;1;15
8;1;352683;01/07/2004;7;2;515;1;11,95
8;1;352683;01/10/2004;8;7;556,2;1;8
8;1;352683;01/04/2005;9;8;596;1;7,15
8;1;352683;01/06/2005;10;2;674,5;1;13,17
8;1;352683;01/05/2006;11;2;800;1;0
8;1;352683;01/09/2006;12;7;848;1;0
8;1;352683;01/04/2007;13;8;900;1;0
8;1;352683;01/04/2008;14;8;1040;1;0
8;1;352683;01/03/2009;15;12;1079;1;0
8;1;352683;01/04/2009;16;7;1176;1;0
8;1;352683;01/03/2010;17;12;1197,33;1;0
8;1;352683;01/04/2010;18;7;1302;1;0
8;1;352683;01/04/2011;19;7;1445;1;0
8;1;352683;01/12/2011;20;12;1488,6;1;0
8;1;352683;01/04/2012;21;7;1667;1;0
8;1;352683;01/04/2013;22;7;1878,06;1;0
8;1;352683;01/04/2014;23;7;2009,52;1;0
6;1;353426;03/04/2003;1;7;348;1;18,77
6;1;353426;01/05/2004;2;2;400;1;14,94
6;1;353426;01/06/2004;3;8;432;1;8
6;1;353426;01/04/2005;4;8;463;1;7,17
6;1;353426;01/04/2006;5;8;491;1;0
6;1;353426;01/04/2007;6;8;520;1;0
6;1;353426;01/04/2008;7;8;573,46;1;0
6;1;353426;01/04/2009;8;7;613,6;1;0
6;1;353426;01/04/2010;9;7;652,5;1;0
6;1;353426;01/04/2011;10;7;701,44;1;0
6;1;353426;04/07/2011;11;2;793;1;0
6;1;353426;01/11/2011;12;12;808,86;1;0
6;1;353426;01/04/2012;13;2;977;1;0
6;1;353426;01/04/2013;14;2;1194;1;0
6;1;353426;01/04/2014;15;7;1360;1;0
6;1;353426;01/04/2015;16;7;1474,51;1;0
4;1;353671;05/05/2003;1;3;326,4;1;0
4;1;353671;01/06/2003;2;12;348;1;6,61
4;1;353671;01/12/2003;3;2;515;1;47,98
4;1;353671;01/06/2004;4;8;556,2;1;8
4;1;353671;01/04/2005;5;8;595;1;6,97
4;1;353671;01/09/2005;6;7;595,13;1;0
4;1;353671;01/04/2006;7;7;631;1;0
4;1;353671;01/10/2006;8;2;723;1;0
4;1;353671;01/04/2007;9;8;766;1;0
4;1;353671;01/04/2008;10;8;845;1;0
4;1;354759;22/07/2003;1;3;266,4;1;0
4;1;354759;01/08/2003;2;30;284,4;1;6,75
4;1;354759;01/03/2004;3;30;348;1;22,36
4;1;354759;01/05/2004;4;28;353,6;1;1,6
4;1;354759;01/06/2004;5;2;400;1;13,12
282;1;361488;02/02/2004;1;3;326,4;1;0
282;1;361488;01/03/2004;2;30;348;1;6,61
282;1;361488;01/05/2004;3;28;353,6;1;1,6
282;1;361488;01/06/2004;4;8;376;1;6,33
282;1;361488;01/08/2004;5;30;378;1;0
282;1;361488;01/03/2005;6;12;432;1;14,28
282;1;361488;01/04/2005;7;8;463;1;7,17
282;1;361488;07/11/2005;8;2;505;1;0
282;1;361488;01/04/2006;9;7;565,3;1;0
282;1;361488;01/04/2007;10;8;638,82;1;0
282;1;361488;01/07/2007;11;2;712;1;0
282;1;361488;01/04/2008;12;8;852,5;1;0
282;1;361488;01/03/2009;13;12;894;1;0
282;1;361488;01/04/2009;14;7;990,3;1;0
8;1;362239;15/03/2004;1;3;326,4;1;0
8;1;362239;01/04/2004;2;30;351,5;1;7,68
8;1;362239;01/05/2004;3;30;353,6;1;0
4;1;364967;02/08/2004;1;3;353,6;1;0
4;1;364967;01/09/2004;2;30;378;1;6,9
4;1;364967;01/04/2005;3;8;405;1;7,14
4;1;364967;01/08/2005;4;12;463;1;14,32
4;1;364967;01/04/2006;5;8;491;1;0
282;1;365246;10/08/2004;1;3;353,6;1;0
282;1;365246;01/09/2004;2;30;378;1;6,9
282;1;365246;01/04/2005;3;8;405;1;7,14
282;1;365246;01/08/2005;4;2;463;1;14,32
282;1;365246;01/04/2006;5;8;491;1;0
282;1;365246;01/04/2007;6;8;520;1;0
282;1;365246;01/04/2008;7;8;573,46;1;0
282;1;365246;01/04/2009;8;7;613,6;1;0
282;1;365246;01/04/2010;9;7;652,5;1;0
282;1;365246;01/01/2011;10;2;741;1;0
282;1;365246;01/04/2011;11;7;796,58;1;0
282;1;365246;01/11/2011;12;12;808,73;1;0
282;1;365246;01/04/2012;13;7;873,43;1;0
282;1;365246;01/04/2013;14;7;943,3;1;0
282;1;365246;01/09/2013;15;12;1010;1;0
282;1;365246;01/04/2014;16;7;1115;1;0
282;1;365246;01/08/2014;17;12;1350;1;0
282;1;365246;01/04/2015;18;7;1463,67;1;0
282;1;365246;01/04/2016;19;7;1607,55;1;0
4;1;365718;06/09/2004;1;3;353,6;1;0
4;1;365718;01/10/2004;2;30;378;1;6,9
4;1;365718;01/04/2005;3;8;405;1;7,14
4;1;365718;01/09/2005;4;7;414;1;2,22
4;1;365718;06/10/2005;5;2;463;1;0
4;1;365718;01/04/2006;6;7;491;1;0
4;1;365718;01/04/2007;7;8;520;1;0
4;1;365718;01/04/2008;8;8;573,25;1;0
4;1;365718;01/06/2008;9;2;738;1;0
4;1;365718;01/04/2009;10;7;789,66;1;0
4;1;365718;01/04/2010;11;7;839,72;1;0
4;1;365718;01/05/2010;12;12;952;1;0
4;1;365718;01/04/2011;13;7;1023,4;1;0
4;1;365718;01/11/2011;14;12;1039,01;1;0
4;1;365718;01/04/2012;15;7;1122,13;1;0
4;1;371564;15/12/2004;1;3;353,6;1;0
4;1;371564;01/01/2005;2;12;378;1;6,9
4;1;371564;01/04/2005;3;8;405;1;7,14
4;1;371564;01/05/2005;4;30;408;1;0
4;1;376224;01/12/2005;1;34;414;1;0
4;1;376268;01/12/2005;1;34;414;1;0
4;1;376268;15/04/2006;2;2;443;1;0
4;1;376268;01/07/2006;3;30;450;1;0
4;1;376268;01/12/2006;4;12;571;1;0
4;1;376268;01/04/2007;5;8;605;1;0
282;1;376560;01/06/2006;1;34;350;1;0
282;1;376560;01/07/2006;2;30;450;1;0
282;1;376560;01/04/2007;3;8;477;1;0
282;1;376560;01/06/2007;4;12;520;1;0
282;1;376560;01/04/2008;5;8;573,46;1;0
282;1;376560;01/04/2009;6;7;613,6;1;0
282;1;376560;01/04/2010;7;7;652,5;1;0
282;1;376560;01/04/2011;8;7;701,44;1;0
282;1;376560;01/11/2011;9;12;712,14;1;0
282;1;376560;01/03/2012;10;28;732,36;1;0
282;1;376560;01/04/2012;11;7;769,11;1;0
282;1;376560;01/07/2012;12;12;806;1;0
282;1;376560;01/02/2013;13;2;874;1;0
282;1;376560;01/04/2013;14;7;943,92;1;0
282;1;376560;01/09/2013;15;12;1010;1;0
282;1;376560;01/04/2014;16;7;1115;1;0
282;1;376560;01/08/2014;17;12;1350;1;0
282;1;376560;01/04/2015;18;7;1463,67;1;0
282;1;376560;01/04/2016;19;7;1607,55;1;0
282;1;376560;01/04/2017;20;7;1720,08;1;0
282;1;376560;01/04/2018;21;7;1788,88;1;0
282;1;376560;01/04/2019;22;7;1872,42;1;0
8;1;376862;10/10/2006;1;34;451;1;0
8;1;376995;01/12/2006;1;34;433,4;1;0
8;1;376995;01/03/2007;2;12;469;1;0
8;1;376995;01/04/2007;3;8;497;1;0
282;1;377248;15/03/2007;1;34;450;1;0
282;1;377248;01/04/2007;2;8;477;1;0
282;1;377248;01/07/2007;3;30;480;1;0
282;1;377248;15/03/2008;4;2;520;1;0
282;1;377248;01/04/2008;5;8;573;1;0
282;1;377248;01/04/2009;6;7;613,11;1;0
282;1;377248;01/04/2010;7;2;741;1;0
282;1;377248;01/04/2011;8;7;796,58;1;0
282;1;377248;01/11/2011;9;12;808,73;1;0
282;1;377248;01/04/2012;10;7;873,43;1;0
4;1;377735;08/10/2007;1;34;480;1;0
4;1;377795;01/11/2007;1;34;480;1;0
6;1;378278;15/05/2008;1;34;515;1;0
6;1;378278;01/06/2008;2;30;520;1;0
6;1;378278;14/07/2008;3;2;526;1;0
6;1;378278;01/04/2009;4;7;565;1;0
6;1;378278;15/05/2009;5;12;607;1;0
6;1;378278;01/04/2010;6;7;645,48;1;0
6;1;378278;01/04/2011;7;7;693,89;1;0
6;1;378278;01/11/2011;8;12;704,47;1;0
6;1;378278;01/03/2012;9;28;732,36;1;0
6;1;378278;01/04/2012;10;7;760,83;1;0
6;1;378278;01/07/2012;11;12;806;1;0
6;1;378278;01/04/2013;12;7;870,48;1;0
6;1;378278;01/09/2013;13;12;920;1;0
6;1;378278;01/04/2014;14;7;1015;1;0
6;1;378278;01/02/2015;15;29;1053,42;1;0
6;1;378278;01/04/2015;16;7;1100,46;1;0
6;1;378278;01/04/2016;17;7;1208,64;1;0
6;1;378278;01/03/2017;18;2;1327,72;1;0
6;1;378278;01/04/2017;19;7;1420,66;1;0
6;1;378278;01/04/2018;20;7;1477,49;1;0
6;1;378278;02/04/2018;21;2;1644,44;1;0
8;1;378566;05/09/2008;1;34;415;1;0
8;1;378566;01/12/2008;2;12;518;1;0
8;1;378566;01/04/2009;3;8;549;1;0
8;1;378566;01/04/2010;4;7;583,58;1;0
8;1;378566;01/10/2010;5;12;630;1;0
8;1;378566;01/04/2011;6;7;677,88;1;0
8;1;378566;01/03/2012;7;12;691,44;1;0
8;1;378566;01/04/2012;8;7;746,76;1;0
282;1;379038;27/04/2009;1;34;565;1;0
282;1;379038;01/08/2009;2;30;570;1;0
282;1;379038;01/04/2010;3;7;617;1;0
282;1;379038;27/04/2010;4;12;643;1;0
282;1;379038;01/04/2011;5;7;691,23;1;0
282;1;379038;01/09/2011;6;2;793;1;0
282;1;379038;01/11/2011;7;12;809;1;0
282;1;379038;01/04/2012;8;7;873,72;1;0
282;1;379038;01/04/2013;9;7;943,62;1;0
4;1;379083;01/06/2009;1;34;750;1;0
4;1;379083;01/12/2009;2;2;800;1;0
4;1;379083;02/12/2009;3;12;900;1;0
4;1;379083;01/03/2010;4;12;936;1;0
4;1;379083;02/03/2010;5;12;980;1;0
4;1;379083;01/04/2010;6;7;1090;1;0
4;1;379677;23/07/2020;1;2;2100;1;0
4;1;379677;01/10/2020;2;12;2318,4;1;0
4;1;379677;08/12/2020;3;2;2320;1;0
4;1;379677;01/04/2021;4;7;2490;1;0
4;1;379677;01/04/2022;5;7;2782;1;0
4;1;379677;01/04/2023;6;7;2903,3;1;0
276;1;379762;12/03/2010;1;34;850;1;0
276;1;379762;01/04/2010;2;7;901;1;0
276;1;379762;01/03/2011;3;12;952,25;1;0
276;1;379762;01/04/2011;4;7;1026,51;1;0
276;1;379762;01/02/2012;5;12;1047,04;1;0
276;1;379762;01/04/2012;6;7;1130,8;1;0
276;1;379762;01/04/2013;7;7;1232,57;1;0
276;1;379762;01/04/2014;8;7;1355,83;1;0
276;1;379762;01/04/2015;9;7;1477,85;1;0
276;1;379762;01/04/2016;10;7;1619,87;1;0
276;1;379762;01/04/2017;11;7;1733,26;1;0
276;1;379762;02/05/2018;12;2;1945;1;0
8;1;380580;01/02/2011;1;34;610;1;0
8;1;380580;01/04/2011;2;7;665;1;0
8;1;380580;01/12/2011;3;12;666,06;1;0
8;1;380580;01/02/2012;4;12;706,86;1;0
8;1;380580;01/04/2012;5;7;763,5;1;0
8;1;380580;10/05/2012;6;2;879,5;1;0
8;1;380580;11/09/2012;7;2;980,5;1;0
8;1;380580;01/04/2013;8;7;1066,98;1;0
8;1;380580;01/04/2014;9;7;1165;1;0
8;1;380580;01/04/2015;10;7;1259;1;0
8;1;380580;15/04/2015;11;12;1310;1;0
8;1;380580;01/04/2016;12;7;1414,8;1;0
8;1;380580;01/04/2017;13;7;1514;1;0
8;1;380580;01/04/2018;14;7;1575;1;0
8;1;380580;01/04/2019;15;7;1646;1;0
282;1;381541;13/12/2011;1;34;680;1;0
282;1;381541;01/01/2012;2;30;690;1;0
282;1;381541;01/04/2012;3;7;760;1;0
282;1;381541;01/10/2012;4;30;780;1;0
6;1;381701;01/03/2012;1;34;732,36;1;0
6;1;381701;01/04/2012;2;7;760;1;0
6;1;381701;25/10/2012;3;30;780;1;0
6;1;381701;01/02/2013;4;28;805,59;1;0
6;1;381701;01/03/2013;5;2;806;1;0
6;1;381701;01/04/2013;6;7;870;1;0
6;1;381701;01/09/2013;7;12;920;1;0
6;1;381701;01/04/2014;8;7;1015;1;0
6;1;381701;01/02/2015;9;29;1053,42;1;0
6;1;381701;01/04/2015;10;7;1100,46;1;0
6;1;381701;01/04/2016;11;7;1208,64;1;0
6;1;381701;01/04/2017;12;7;1293,24;1;0
6;1;381701;01/04/2018;13;7;1344,97;1;0
6;1;381701;01/04/2019;14;2;1546,49;1;0
6;1;381701;01/04/2020;15;7;1584,38;1;0
6;1;381701;01/10/2020;16;12;1598,04;1;0
6;1;381701;01/04/2021;17;7;1708,9;1;0
6;1;381701;01/04/2022;18;7;1909,35;1;0
4;1;382976;22/04/2013;1;34;860;1;0
4;1;382976;01/04/2014;2;12;1015;1;0
4;1;382976;01/02/2015;3;29;1053,42;1;0
4;1;382976;01/04/2015;4;7;1100,46;1;0
4;1;382976;01/06/2015;5;2;1208,88;1;0
4;1;382976;01/04/2016;6;7;1327,72;1;0
4;1;382976;01/04/2017;7;7;1420,66;1;0
4;1;382976;01/04/2018;8;7;1477,49;1;0
1629;1;383056;03/05/2013;1;34;1000;1;0
6;1;384172;16/04/2014;1;34;950;1;0
6;1;384172;01/02/2015;2;29;1053,42;1;0
6;1;384172;01/04/2015;3;7;1100,46;1;0
6;1;384172;01/07/2015;4;2;1164,43;1;0
6;1;384172;01/04/2016;5;7;1278,9;1;0
6;1;384172;01/08/2016;6;12;1477,76;1;0
6;1;384172;01/04/2017;7;7;1581,2;1;0
6;1;384172;01/04/2018;8;7;1644,45;1;0
6;1;384172;01/04/2019;9;7;1721,24;1;0
6;1;384172;01/04/2020;10;7;1763,4;1;0
6;1;384172;01/10/2020;11;12;1778,59;1;0
6;1;384172;01/04/2021;12;7;1902;1;0
282;1;385066;05/01/2015;1;34;681,45;1;0
282;1;385066;01/02/2015;2;29;790,07;1;0
282;1;385066;01/06/2015;3;30;791,25;1;0
282;1;385066;19/11/2015;4;18;1055;1;0
282;1;385066;01/01/2016;5;12;1121,04;1;0
282;1;385066;01/02/2016;6;30;1155;1;0
282;1;385066;01/03/2016;7;12;1228,77;1;0
282;1;385066;01/06/2016;8;12;1256,27;1;0
282;1;385066;01/02/2017;9;7;1324,49;1;0
282;1;385066;01/03/2017;10;12;1344,21;1;0
282;1;385066;01/02/2018;11;7;1371,1;1;0
282;1;385066;01/03/2018;12;25;1398;1;0
282;1;385066;01/02/2019;13;7;1420,05;1;0
282;1;385066;01/03/2019;14;25;1460,9;1;0
282;1;385066;01/02/2020;15;7;1523,7;1;0
282;1;385066;01/02/2021;16;7;1565,3;1;0
282;1;385066;01/08/2021;17;8;1651,8;1;0
8;1;385154;05/02/2015;1;34;930;1;0
8;1;385154;01/04/2015;2;7;1005;1;0
8;1;385154;02/04/2015;3;28;1054;1;0
8;1;385172;06/02/2015;1;34;910;1;0
8;1;385172;01/04/2015;2;7;1007;1;0
8;1;385172;01/05/2015;3;12;1110,24;1;0
8;1;385172;01/04/2016;4;7;1216,93;1;0
8;1;385172;01/04/2017;5;7;1302,12;1;0
8;1;385172;01/04/2018;6;7;1354,2;1;0
4;1;385761;10/12/2015;1;34;1055;1;0
4;1;385761;01/04/2016;2;7;1160;1;0
4;1;385761;01/08/2016;3;30;1170;1;0
4;1;385761;01/12/2016;4;12;1208,64;1;0
4;1;385761;01/04/2017;5;7;1293,24;1;0
4;1;385761;01/04/2018;6;7;1344,97;1;0
4;1;385761;01/05/2018;7;2;1423,15;1;0
4;1;385761;01/04/2019;8;7;1489,61;1;0
4;1;385761;20/08/2019;9;2;1715,6;1;0
4;1;385761;01/04/2020;10;7;1757,64;1;0
4;1;385761;01/10/2020;11;12;1850;1;0
4;1;385761;01/04/2021;12;7;2000;1;0
4;1;385761;01/04/2022;13;7;2230;1;0
4;1;385761;01/12/2022;14;2;2340;1;0
4;1;385761;01/04/2023;15;7;2442;1;0
4;1;385761;01/04/2024;16;7;2525,02;1;0
4;1;385761;01/09/2024;17;9;2583,87;1;0
8;1;385788;01/07/2025;1;4;3000;1;0
282;1;385883;11/02/2016;1;34;1055;1;0
282;1;385883;01/04/2016;2;7;1160;1;0
282;1;385883;01/08/2016;3;30;1170;1;0
282;1;385883;01/02/2017;4;12;1208,64;1;0
282;1;385883;01/04/2017;5;7;1293,24;1;0
282;1;385883;01/04/2018;6;7;1344,97;1;0
282;1;385883;01/04/2019;7;7;1407,78;1;0
282;1;385883;01/04/2020;8;7;1442,27;1;0
282;1;385883;01/10/2020;9;12;1454,69;1;0
282;1;385883;01/04/2021;10;7;1555,65;1;0
282;1;385960;21/03/2016;1;34;1055;1;0
282;1;385960;01/04/2016;2;7;1160;1;0
282;1;385960;01/08/2016;3;30;1170;1;0
282;1;385960;01/03/2017;4;12;1208,64;1;0
282;1;385960;01/04/2017;5;7;1293,24;1;0
282;1;385960;01/04/2018;6;7;1319,11;1;0
282;1;385960;02/04/2018;7;2;1644,44;1;0
4;1;386218;01/08/2016;1;34;1550;1;0
4;1;386218;01/04/2017;2;7;1658,5;1;0
4;1;386218;01/04/2018;3;7;1691,67;1;0
4;1;386218;02/04/2018;4;2;1989;1;0
4;1;386218;01/04/2019;5;7;2081,88;1;0
4;1;386218;01/04/2020;6;7;2132,8;1;0
4;1;386218;01/10/2020;7;12;2200;1;0
1629;1;386417;14/11/2016;1;34;1400;1;0
4;1;387837;04/06/2018;1;34;1301,98;1;0
4;1;387837;01/06/2019;2;12;1344,97;1;0
4;1;387942;09/07/2018;1;34;1301,98;1;0
4;1;387942;01/07/2019;2;12;1344,97;1;0
4;1;388489;22/01/2019;1;34;1301,98;1;0
8;1;388557;06/03/2019;1;34;1286;1;0
8;1;388557;01/04/2019;2;7;1344;1;0
8;1;388562;06/03/2019;1;34;1286;1;0
8;1;388562;01/04/2019;2;7;1344;1;0
282;1;389215;05/10/2019;1;34;915,52;1;0
282;1;389215;01/10/2020;2;12;974,3;1;0
282;1;389215;03/11/2020;3;18;1478,39;1;0
282;1;389215;01/04/2021;4;12;1559,53;1;0
282;1;389215;01/06/2021;5;7;1613;1;0
8;1;389714;09/06/2020;1;34;1344;1;0
276;1;390016;05/10/2020;1;34;1100,4;1;0
276;1;390016;01/11/2020;2;7;1143,4;1;0
276;1;390016;10/04/2021;3;18;1518,53;1;0
276;1;390016;01/10/2021;4;12;1670,39;1;0
276;1;390016;01/11/2021;5;7;1768,4;1;0
276;1;390016;01/05/2022;6;7;1964,3;1;0
282;1;390051;19/10/2020;1;34;1389,76;1;0
282;1;390051;01/04/2021;2;7;1486,2;1;0
282;1;390051;01/10/2021;3;12;1559,53;1;0
282;1;390051;01/04/2022;4;7;1742,46;1;0
282;1;390051;01/04/2023;5;7;1829,58;1;0
4;1;390205;20/11/2020;1;34;1389,76;1;0
4;1;390205;01/04/2021;2;7;1486,2;1;0
4;1;390205;01/11/2021;3;12;1581,5;1;0
282;1;390597;27/04/2021;1;34;1486,2;1;0
282;1;390597;01/04/2022;2;12;1742,4;1;0
282;1;390597;01/10/2022;3;4;2113,67;1;0
4;1;390828;21/06/2021;1;34;1505,9;1;0
4;1;390828;01/11/2021;2;12;2000;1;0
4;1;390828;01/04/2022;3;7;2234,6;1;0
4;1;390828;01/04/2023;4;7;2346,35;1;0
4;1;390828;01/11/2023;5;2;2680;1;0
4;1;390828;01/04/2024;6;7;2814;1;0
282;1;391459;04/11/2021;1;34;1099,11;1;0
282;1;391459;01/03/2022;2;7;1209,01;1;0
282;1;391459;01/05/2022;3;8;1270;1;0
4;1;391785;06/01/2022;1;34;1505,9;1;0
4;1;391785;01/04/2022;2;7;1682,54;1;0
4;1;391785;04/07/2022;3;2;2116;1;0
4;1;391785;01/08/2022;4;2;2612;1;0
4;1;391785;12/09/2022;5;2;2700;1;0
4;1;391785;01/04/2023;6;7;2817,7;1;0
4;1;391785;01/04/2024;7;7;2913,5;1;0
282;1;391797;08/01/2022;1;34;1470;1;0
8;1;391954;14/02/2022;1;34;1505;1;0
8;1;391954;09/05/2022;2;12;1655,5;1;0
8;1;391954;01/09/2022;3;8;1684,5;1;0
8;1;391954;17/02/2023;4;12;1741;1;0
8;1;391954;01/04/2023;5;7;1828,5;1;0
282;1;392212;27/04/2022;1;34;1606;1;0
282;1;392212;01/03/2023;2;30;1710;1;0
282;1;392212;01/04/2023;3;12;1801,22;1;0
282;1;392212;01/03/2024;4;7;1891,28;1;0
282;1;392212;01/10/2024;5;12;1977,05;1;0
8;1;392628;19/07/2022;1;34;1546,8;1;0
8;1;392628;01/04/2023;2;7;1737,15;1;0
8;1;392922;10/10/2022;1;34;1655,5;1;0
8;1;392922;11/10/2022;2;23;1684,5;1;0
8;1;392922;01/04/2023;3;7;1769;1;0
4;1;393398;26/01/2023;1;34;5789;1;0
4;1;393398;01/04/2023;2;7;6041,4;1;0
4;1;393398;01/04/2024;3;7;6246,8;1;0
4;1;393398;01/04/2025;4;7;6571,65;1;0
282;1;393642;03/04/2023;1;34;3137,4;1;0
282;1;393642;01/04/2024;2;7;3244,1;1;0
4;1;397037;02/06/2025;1;34;2720,55;1;0
4;1;397037;01/08/2025;2;12;2726;1;0
